,age,salary
0,55.0,49606.0
1,40.0,41592.0
2,59.0,52386.0
3,51.0,47946.0
4,24.0,33192.0
5,64.0,55367.0
6,54.0,49664.0
7,55.0,50568.0
8,26.0,34967.0
9,40.0,42061.0
10,37.0,40767.0
11,62.0,54217.0
12,49.0,46202.0
13,57.0,50812.0
14,40.0,41558.0
15,30.0,36197.0
16,45.0,44681.0
17,23.0,32887.0
18,57.0,52111.0
19,48.0,46788.0
20,54.0,49540.0
21,36.0,38733.0
22,64.0,55060.0
23,60.0,53118.0
24,55.0,50356.0
25,29.0,36870.0
26,41.0,43172.0
27,22.0,32477.0
28,27.0,34338.0
29,51.0,47649.0
30,54.0,49385.0
31,64.0,54558.0
32,35.0,39314.0
33,37.0,40347.0
34,41.0,42077.0
35,29.0,36288.0
36,26.0,34267.0
37,41.0,41909.0
38,30.0,36590.0
39,50.0,47718.0
40,40.0,42306.0
41,57.0,51440.0
42,52.0,48746.0
43,34.0,38825.0
44,57.0,50941.0
45,56.0,50210.0
46,37.0,41151.0
47,33.0,38734.0
48,51.0,48053.0
49,26.0,35207.0
50,29.0,36476.0
51,20.0,31524.0
52,55.0,50021.0
53,50.0,48321.0
54,52.0,48721.0
55,55.0,50130.0
56,41.0,42024.0
57,46.0,45205.0
58,26.0,33624.0
59,25.0,34184.0
60,50.0,47066.0
61,41.0,42845.0
62,45.0,44729.0
63,54.0,49802.0
64,49.0,46331.0
65,45.0,44620.0
66,45.0,45785.0
67,34.0,39215.0
68,21.0,31940.0
69,40.0,41796.0
70,30.0,36733.0
71,38.0,41676.0
72,58.0,51707.0
73,31.0,36751.0
74,23.0,31532.0
75,33.0,38526.0
76,33.0,39299.0
77,50.0,47422.0
78,45.0,43724.0
79,55.0,50706.0
80,50.0,46990.0
81,38.0,40726.0
82,57.0,51460.0
83,28.0,35260.0
84,21.0,31318.0
85,24.0,32904.0
86,53.0,48941.0
87,41.0,42227.0
88,27.0,34437.0
89,43.0,43235.0
90,27.0,34940.0
91,51.0,48145.0
92,40.0,41336.0
93,37.0,40925.0
94,34.0,37093.0
95,48.0,46376.0
96,36.0,39645.0
97,24.0,33243.0
98,25.0,34201.0
99,63.0,55370.0
100,61.0,53131.0
101,51.0,48611.0
102,32.0,37678.0
103,64.0,54131.0
104,55.0,51224.0
105,52.0,48024.0
106,40.0,42331.0
107,32.0,37933.0
108,24.0,33523.0
109,61.0,53092.0
110,41.0,42694.0
111,29.0,35228.0
112,34.0,38540.0
113,46.0,45054.0
114,28.0,35036.0
115,59.0,52416.0
116,54.0,50312.0
117,52.0,48635.0
118,39.0,42085.0
119,48.0,46551.0
120,46.0,45010.0
121,49.0,46955.0
122,24.0,32940.0
123,39.0,40943.0
124,22.0,32244.0
125,42.0,43344.0
126,35.0,38369.0
127,27.0,33751.0
128,25.0,33772.0
129,46.0,45137.0
130,28.0,35373.0
131,62.0,54287.0
132,46.0,44746.0
133,36.0,38879.0
134,47.0,46462.0
135,21.0,31740.0
136,63.0,54515.0
137,42.0,42470.0
138,55.0,50117.0
139,24.0,32452.0
140,42.0,43486.0
141,42.0,42757.0
142,62.0,54758.0
143,46.0,44950.0
144,41.0,42197.0
145,32.0,37394.0
146,35.0,37894.0
147,43.0,43826.0
148,40.0,41778.0
149,21.0,31947.0
150,57.0,50508.0
151,60.0,53761.0
152,26.0,34881.0
153,45.0,45338.0
154,25.0,33661.0
155,50.0,48145.0
156,33.0,37225.0
157,50.0,47677.0
158,53.0,48608.0
159,55.0,49198.0
160,25.0,33105.0
161,61.0,53674.0
162,30.0,36286.0
163,22.0,32114.0
164,45.0,43828.0
165,37.0,39117.0
166,57.0,52223.0
167,56.0,51456.0
168,34.0,38325.0
169,63.0,54583.0
170,33.0,38710.0
171,43.0,43957.0
172,32.0,37409.0
173,62.0,54715.0
174,27.0,34709.0
175,22.0,32127.0
176,40.0,41760.0
177,65.0,55425.0
178,60.0,52874.0
179,54.0,49564.0
180,60.0,53064.0
181,60.0,52589.0
182,43.0,44243.0
183,34.0,38331.0
184,55.0,49998.0
185,50.0,47228.0
186,37.0,40427.0
187,24.0,32278.0
188,54.0,49928.0
189,32.0,37157.0
190,62.0,54796.0
191,31.0,36725.0
192,26.0,34014.0
193,57.0,52527.0
194,27.0,34655.0
195,28.0,36056.0
196,47.0,45854.0
197,59.0,52853.0
198,29.0,35897.0
199,34.0,39104.0
200,55.0,49898.0
201,64.0,54561.0
202,43.0,43074.0
203,26.0,34611.0
204,21.0,31235.0
205,30.0,37039.0
206,26.0,34915.0
207,50.0,47284.0
208,25.0,33648.0
209,43.0,42814.0
210,51.0,49198.0
211,46.0,45535.0
212,29.0,36184.0
213,56.0,50232.0
214,52.0,48706.0
215,53.0,49544.0
216,26.0,34117.0
217,26.0,34601.0
218,62.0,55113.0
219,38.0,40367.0
220,34.0,37937.0
221,42.0,42654.0
222,50.0,48209.0
223,63.0,55173.0
224,33.0,38022.0
225,62.0,53907.0
226,21.0,31207.0
227,45.0,45186.0
228,49.0,46501.0
229,25.0,33491.0
230,26.0,34778.0
231,39.0,41279.0
232,63.0,54797.0
233,47.0,45757.0
234,62.0,54490.0
235,56.0,51731.0
236,41.0,42860.0
237,55.0,50825.0
238,21.0,31342.0
239,25.0,33347.0
240,57.0,51855.0
241,56.0,50807.0
242,30.0,36047.0
243,44.0,43973.0
244,47.0,45957.0
245,59.0,52221.0
246,47.0,46668.0
247,39.0,41451.0
248,37.0,40948.0
249,39.0,41672.0
250,49.0,47176.0
251,59.0,52002.0
252,40.0,42240.0
253,31.0,37141.0
254,31.0,36174.0
255,54.0,49194.0
256,57.0,51048.0
257,25.0,33812.0
258,23.0,32878.0
259,47.0,45422.0
260,27.0,34852.0
261,57.0,51319.0
262,34.0,37246.0
263,26.0,34318.0
264,61.0,54334.0
265,27.0,34256.0
266,33.0,38103.0
267,27.0,35595.0
268,25.0,33478.0
269,21.0,31524.0
270,22.0,31719.0
271,28.0,36136.0
272,22.0,32280.0
273,47.0,45654.0
274,51.0,48525.0
275,38.0,41073.0
276,34.0,38432.0
277,43.0,43163.0
278,59.0,52904.0
279,58.0,51753.0
280,22.0,31017.0
281,28.0,35465.0
282,31.0,36119.0
283,31.0,37980.0
284,46.0,45226.0
285,39.0,40850.0
286,22.0,31870.0
287,37.0,39302.0
288,44.0,43413.0
289,25.0,34025.0
290,58.0,52744.0
291,22.0,32649.0
292,62.0,53844.0
293,24.0,33237.0
294,58.0,51400.0
295,61.0,54371.0
296,64.0,55150.0
297,56.0,51908.0
298,55.0,50989.0
299,49.0,46031.0
300,55.0,49947.0
301,26.0,33996.0
302,44.0,44228.0
303,43.0,43697.0
304,59.0,53723.0
305,41.0,41916.0
306,37.0,40645.0
307,49.0,47137.0
308,32.0,37594.0
309,26.0,34514.0
310,42.0,42305.0
311,39.0,41371.0
312,30.0,37012.0
313,37.0,40260.0
314,36.0,40353.0
315,35.0,39812.0
316,37.0,40860.0
317,51.0,48008.0
318,33.0,37762.0
319,63.0,54184.0
320,61.0,53570.0
321,42.0,43029.0
322,35.0,38888.0
323,44.0,43784.0
324,58.0,51408.0
325,49.0,46326.0
326,56.0,50791.0
327,44.0,43450.0
328,48.0,46164.0
329,33.0,37935.0
330,53.0,48521.0
331,29.0,36199.0
332,51.0,48566.0
333,59.0,52028.0
334,26.0,34051.0
335,48.0,46475.0
336,24.0,32997.0
337,53.0,48570.0
338,24.0,33689.0
339,62.0,54607.0
340,26.0,34702.0
341,63.0,55195.0
342,56.0,49833.0
343,47.0,46371.0
344,55.0,50566.0
345,56.0,51184.0
346,63.0,54608.0
347,31.0,37296.0
348,47.0,45467.0
349,24.0,33536.0
350,48.0,46094.0
351,28.0,35673.0
352,45.0,44189.0
353,46.0,44897.0
354,41.0,43556.0
355,44.0,43622.0
356,54.0,49788.0
357,56.0,50340.0
358,42.0,43349.0
359,47.0,45472.0
360,62.0,53955.0
361,25.0,34388.0
362,25.0,33549.0
363,24.0,33565.0
364,50.0,47693.0
365,39.0,41888.0
366,55.0,50235.0
367,50.0,49234.0
368,35.0,39785.0
369,60.0,53397.0
370,54.0,49435.0
371,32.0,37647.0
372,36.0,40727.0
373,34.0,39637.0
374,27.0,35640.0
375,27.0,35050.0
376,62.0,53541.0
377,40.0,42082.0
378,37.0,39866.0
379,53.0,48316.0
380,45.0,44806.0
381,62.0,54431.0
382,55.0,50764.0
383,42.0,43113.0
384,37.0,40581.0
385,64.0,54927.0
386,52.0,48712.0
387,63.0,53789.0
388,25.0,32931.0
389,58.0,52421.0
390,49.0,46391.0
391,25.0,34454.0
392,46.0,46114.0
393,51.0,47671.0
394,21.0,31600.0
395,40.0,41914.0
396,57.0,50506.0
397,33.0,38372.0
398,41.0,42114.0
399,40.0,41727.0
400,34.0,39460.0
401,61.0,52969.0
402,55.0,50528.0
403,25.0,33240.0
404,65.0,56131.0
405,60.0,52909.0
406,33.0,38216.0
407,58.0,51241.0
408,25.0,33251.0
409,65.0,56191.0
410,50.0,48361.0
411,49.0,47331.0
412,24.0,32790.0
413,60.0,53371.0
414,21.0,32931.0
415,31.0,37012.0
416,26.0,35271.0
417,55.0,49855.0
418,29.0,35885.0
419,61.0,53848.0
420,50.0,47441.0
421,22.0,31512.0
422,20.0,30730.0
423,22.0,32773.0
424,47.0,46592.0
425,56.0,51593.0
426,31.0,37806.0
427,58.0,52090.0
428,23.0,32261.0
429,56.0,51499.0
430,62.0,54319.0
431,55.0,49618.0
432,51.0,47762.0
433,58.0,51986.0
434,22.0,31905.0
435,29.0,35981.0
436,26.0,34628.0
437,43.0,43867.0
438,54.0,50108.0
439,48.0,45627.0
440,58.0,52192.0
441,27.0,35189.0
442,53.0,48419.0
443,29.0,35450.0
444,32.0,37281.0
445,52.0,48581.0
446,64.0,56074.0
447,48.0,47147.0
448,22.0,31942.0
449,48.0,46517.0
450,22.0,32328.0
451,60.0,53076.0
452,52.0,48762.0
453,28.0,35437.0
454,24.0,34114.0
455,28.0,36094.0
456,64.0,54726.0
457,41.0,42747.0
458,55.0,50852.0
459,49.0,46909.0
460,46.0,45733.0
461,27.0,34686.0
462,63.0,54514.0
463,34.0,38519.0
464,46.0,44297.0
465,51.0,48279.0
466,49.0,46734.0
467,62.0,53686.0
468,27.0,35391.0
469,43.0,43834.0
470,38.0,40985.0
471,41.0,42453.0
472,25.0,34099.0
473,26.0,34815.0
474,33.0,37469.0
475,34.0,38539.0
476,39.0,42025.0
477,47.0,45154.0
478,49.0,46678.0
479,39.0,40978.0
480,38.0,41050.0
481,30.0,36135.0
482,46.0,45629.0
483,34.0,39809.0
484,22.0,31731.0
485,39.0,41501.0
486,41.0,43732.0
487,30.0,36308.0
488,46.0,46076.0
489,45.0,45006.0
490,52.0,49266.0
491,49.0,47412.0
492,49.0,47301.0
493,34.0,38793.0
494,55.0,50177.0
495,45.0,44629.0
496,39.0,42126.0
497,48.0,46487.0
498,36.0,39768.0
499,43.0,43565.0
500,53.0,49730.0
501,60.0,53551.0
502,61.0,53463.0
503,43.0,43131.0
504,43.0,44066.0
505,56.0,51561.0
506,34.0,39356.0
507,58.0,51099.0
508,42.0,43098.0
509,25.0,33402.0
510,23.0,32650.0
511,58.0,52642.0
512,23.0,31664.0
513,33.0,37136.0
514,35.0,38855.0
515,28.0,35425.0
516,34.0,39079.0
517,53.0,49600.0
518,21.0,31951.0
519,57.0,50591.0
520,59.0,52794.0
521,37.0,40057.0
522,27.0,35168.0
523,47.0,45209.0
524,25.0,33964.0
525,36.0,40150.0
526,63.0,55299.0
527,65.0,54845.0
528,55.0,50125.0
529,34.0,38154.0
530,51.0,48272.0
531,52.0,48847.0
532,37.0,41243.0
533,49.0,46594.0
534,20.0,31729.0
535,29.0,36855.0
536,44.0,43174.0
537,27.0,35359.0
538,27.0,35585.0
539,58.0,51569.0
540,65.0,54876.0
541,45.0,45232.0
542,58.0,51167.0
543,65.0,55421.0
544,26.0,34484.0
545,40.0,42452.0
546,38.0,40403.0
547,24.0,32639.0
548,54.0,49744.0
549,40.0,42239.0
550,41.0,43760.0
551,27.0,33975.0
552,28.0,35636.0
553,61.0,52908.0
554,22.0,32614.0
555,30.0,36294.0
556,33.0,37891.0
557,42.0,42838.0
558,46.0,45476.0
559,42.0,43371.0
560,24.0,33324.0
561,31.0,37028.0
562,58.0,51214.0
563,49.0,47144.0
564,49.0,47040.0
565,50.0,48168.0
566,54.0,49528.0
567,23.0,31637.0
568,36.0,40057.0
569,44.0,45001.0
570,35.0,39457.0
571,58.0,51801.0
572,42.0,42508.0
573,55.0,50902.0
574,58.0,51573.0
575,43.0,43131.0
576,61.0,53796.0
577,46.0,44603.0
578,58.0,52682.0
579,35.0,39742.0
580,42.0,43795.0
581,44.0,44431.0
582,25.0,33518.0
583,38.0,40333.0
584,61.0,53634.0
585,48.0,46125.0
586,28.0,35636.0
587,35.0,39790.0
588,29.0,36481.0
589,21.0,31800.0
590,62.0,54417.0
591,40.0,41945.0
592,34.0,38372.0
593,47.0,46049.0
594,20.0,30988.0
595,33.0,38016.0
596,52.0,47869.0
597,49.0,46245.0
598,64.0,55617.0
599,48.0,46797.0
600,41.0,42325.0
601,54.0,50181.0
602,61.0,53091.0
603,52.0,48845.0
604,63.0,55548.0
605,55.0,50758.0
606,59.0,52851.0
607,25.0,34778.0
608,53.0,48775.0
609,40.0,41399.0
610,45.0,44328.0
611,49.0,47062.0
612,64.0,53826.0
613,64.0,55265.0
614,33.0,37861.0
615,53.0,49552.0
616,54.0,49738.0
617,36.0,39275.0
618,26.0,34361.0
619,22.0,32375.0
620,55.0,49855.0
621,42.0,42874.0
622,64.0,54279.0
623,41.0,41963.0
624,64.0,54832.0
625,39.0,41224.0
626,56.0,50171.0
627,24.0,32843.0
628,45.0,44135.0
629,56.0,50937.0
630,62.0,54099.0
631,57.0,51560.0
632,22.0,31921.0
633,37.0,39454.0
634,22.0,31895.0
635,25.0,33501.0
636,50.0,47512.0
637,52.0,48691.0
638,55.0,50862.0
639,59.0,52826.0
640,53.0,48807.0
641,56.0,51161.0
642,22.0,32532.0
643,31.0,36402.0
644,48.0,46816.0
645,59.0,52158.0
646,20.0,30406.0
647,43.0,43965.0
648,50.0,47871.0
649,21.0,31619.0
650,38.0,40915.0
651,60.0,52807.0
652,50.0,47927.0
653,31.0,36860.0
654,58.0,52190.0
655,36.0,39792.0
656,58.0,51543.0
657,33.0,37952.0
658,47.0,44505.0
659,38.0,41107.0
660,32.0,37196.0
661,60.0,53009.0
662,28.0,35828.0
663,24.0,33400.0
664,35.0,38861.0
665,52.0,48729.0
666,56.0,51819.0
667,65.0,56576.0
668,33.0,38829.0
669,38.0,41265.0
670,26.0,33884.0
671,46.0,45587.0
672,65.0,55611.0
673,52.0,48627.0
674,47.0,45415.0
675,38.0,40625.0
676,61.0,53736.0
677,42.0,43422.0
678,26.0,34572.0
679,36.0,39754.0
680,23.0,31991.0
681,29.0,36811.0
682,21.0,32682.0
683,40.0,42442.0
684,49.0,46043.0
685,35.0,39110.0
686,39.0,41659.0
687,63.0,55411.0
688,54.0,49005.0
689,44.0,44324.0
690,33.0,38140.0
691,60.0,53633.0
692,31.0,36647.0
693,35.0,38270.0
694,61.0,53810.0
695,44.0,44669.0
696,53.0,49331.0
697,47.0,45824.0
698,49.0,46935.0
699,33.0,37987.0
700,31.0,37487.0
701,35.0,39175.0
702,27.0,35092.0
703,59.0,53390.0
704,33.0,37483.0
705,45.0,44621.0
706,56.0,50680.0
707,55.0,50117.0
708,40.0,42242.0
709,41.0,42694.0
710,65.0,55123.0
711,50.0,47729.0
712,57.0,51247.0
713,61.0,53806.0
714,55.0,50689.0
715,28.0,35814.0
716,45.0,45074.0
717,25.0,33428.0
718,49.0,46802.0
719,63.0,54789.0
720,43.0,43524.0
721,39.0,42561.0
722,22.0,32558.0
723,63.0,55071.0
724,25.0,33739.0
725,22.0,31973.0
726,31.0,36460.0
727,23.0,32514.0
728,40.0,42315.0
729,43.0,43888.0
730,34.0,38971.0
731,22.0,32722.0
732,25.0,33416.0
733,37.0,40175.0
734,23.0,33224.0
735,51.0,48666.0
736,29.0,35928.0
737,34.0,38423.0
738,38.0,40703.0
739,39.0,41327.0
740,20.0,31277.0
741,25.0,35041.0
742,59.0,52448.0
743,20.0,31362.0
744,43.0,42734.0
745,42.0,42873.0
746,35.0,39858.0
747,39.0,41877.0
748,55.0,48125.0
749,58.0,52157.0
750,32.0,38403.0
751,35.0,37984.0
752,31.0,37761.0
753,42.0,41491.0
754,51.0,48380.0
755,30.0,36645.0
756,35.0,38011.0
757,62.0,54250.0
758,22.0,32778.0
759,41.0,42586.0
760,52.0,48903.0
761,27.0,34518.0
762,22.0,31242.0
763,26.0,34767.0
764,61.0,54616.0
765,20.0,31794.0
766,28.0,34667.0
767,21.0,31017.0
768,25.0,33315.0
769,48.0,45552.0
770,31.0,37003.0
771,46.0,45285.0
772,47.0,44892.0
773,58.0,52412.0
774,20.0,31418.0
775,58.0,51847.0
776,48.0,46237.0
777,27.0,34053.0
778,55.0,49964.0
779,58.0,52177.0
780,31.0,37377.0
781,61.0,53930.0
782,40.0,42370.0
783,47.0,45803.0
784,64.0,55513.0
785,36.0,40449.0
786,57.0,51078.0
787,34.0,39039.0
788,56.0,50687.0
789,47.0,45545.0
790,30.0,36616.0
791,39.0,40970.0
792,34.0,39055.0
793,24.0,32947.0
794,21.0,31586.0
795,36.0,39411.0
796,21.0,31217.0
797,27.0,34273.0
798,53.0,49140.0
799,52.0,48641.0
800,53.0,49705.0
801,34.0,38584.0
802,60.0,53976.0
803,47.0,45507.0
804,26.0,33682.0
805,26.0,34060.0
806,51.0,47287.0
807,28.0,36047.0
808,43.0,44241.0
809,65.0,55847.0
810,20.0,30651.0
811,21.0,32316.0
812,65.0,55403.0
813,46.0,45335.0
814,26.0,34860.0
815,60.0,53538.0
816,60.0,53890.0
817,44.0,44395.0
818,48.0,46191.0
819,32.0,37455.0
820,22.0,31327.0
821,47.0,45576.0
822,33.0,38867.0
823,50.0,47724.0
824,58.0,51707.0
825,21.0,30952.0
826,47.0,45857.0
827,30.0,37231.0
828,59.0,52844.0
829,31.0,37362.0
830,47.0,45718.0
831,45.0,45134.0
832,38.0,39239.0
833,50.0,47963.0
834,53.0,50248.0
835,46.0,44278.0
836,54.0,49650.0
837,64.0,55336.0
838,39.0,41146.0
839,43.0,44254.0
840,21.0,31545.0
841,56.0,50778.0
842,43.0,44274.0
843,38.0,41105.0
844,24.0,34918.0
845,60.0,53095.0
846,38.0,40874.0
847,51.0,47039.0
848,27.0,34425.0
849,63.0,55372.0
850,28.0,34749.0
851,29.0,34860.0
852,59.0,52276.0
853,61.0,54272.0
854,30.0,36272.0
855,41.0,42460.0
856,53.0,48225.0
857,60.0,52966.0
858,37.0,40712.0
859,43.0,42905.0
860,53.0,49925.0
861,53.0,49478.0
862,55.0,50944.0
863,46.0,45398.0
864,25.0,33916.0
865,61.0,53634.0
866,59.0,52857.0
867,56.0,49844.0
868,24.0,32721.0
869,29.0,35691.0
870,53.0,49339.0
871,21.0,31767.0
872,64.0,55398.0
873,37.0,40893.0
874,52.0,49377.0
875,60.0,52531.0
876,38.0,40886.0
877,34.0,38475.0
878,47.0,45972.0
879,46.0,45540.0
880,38.0,39422.0
881,47.0,47100.0
882,62.0,54434.0
883,41.0,42276.0
884,29.0,36833.0
885,37.0,40162.0
886,38.0,40820.0
887,26.0,34001.0
888,27.0,35857.0
889,51.0,47890.0
890,35.0,39477.0
891,63.0,55236.0
892,31.0,37322.0
893,24.0,33421.0
894,54.0,50204.0
895,60.0,54075.0
896,33.0,38042.0
897,29.0,36060.0
898,28.0,35683.0
899,43.0,44575.0
900,41.0,42294.0
901,32.0,37282.0
902,22.0,31349.0
903,42.0,42325.0
904,63.0,54485.0
905,49.0,47122.0
906,42.0,44148.0
907,25.0,34008.0
908,31.0,36792.0
909,33.0,37932.0
910,54.0,50616.0
911,59.0,53262.0
912,61.0,53330.0
913,64.0,55147.0
914,64.0,55876.0
915,63.0,54090.0
916,23.0,32974.0
917,26.0,35547.0
918,34.0,38638.0
919,45.0,44296.0
920,24.0,33605.0
921,58.0,51698.0
922,48.0,45568.0
923,44.0,44774.0
924,27.0,35650.0
925,31.0,37113.0
926,27.0,34779.0
927,58.0,51605.0
928,46.0,45385.0
929,53.0,48913.0
930,33.0,37821.0
931,37.0,41135.0
932,38.0,41253.0
933,54.0,50097.0
934,55.0,50557.0
935,29.0,36504.0
936,62.0,54097.0
937,25.0,34122.0
938,60.0,53045.0
939,25.0,33704.0
940,32.0,37718.0
941,58.0,51759.0
942,28.0,34778.0
943,39.0,41309.0
944,40.0,42032.0
945,31.0,36125.0
946,52.0,48832.0
947,58.0,52553.0
948,59.0,53910.0
949,35.0,39203.0
950,44.0,43869.0
951,31.0,36593.0
952,31.0,37163.0
953,27.0,35092.0
954,62.0,53860.0
955,60.0,52890.0
956,55.0,49250.0
957,43.0,44275.0
958,42.0,42757.0
959,44.0,44094.0
960,44.0,43567.0
961,40.0,41464.0
962,26.0,34121.0
963,26.0,34105.0
964,63.0,54808.0
965,42.0,43650.0
966,63.0,54958.0
967,27.0,35530.0
968,45.0,45445.0
969,29.0,36426.0
970,31.0,37248.0
971,21.0,32248.0
972,25.0,34481.0
973,61.0,54016.0
974,34.0,38231.0
975,47.0,45630.0
976,41.0,42372.0
977,38.0,41301.0
978,44.0,44154.0
979,28.0,36203.0
980,64.0,56126.0
981,57.0,51853.0
982,53.0,49958.0
983,41.0,42083.0
984,27.0,35025.0
985,61.0,53483.0
986,35.0,38625.0
987,22.0,32096.0
988,35.0,40137.0
989,56.0,50893.0
990,48.0,47421.0
991,54.0,49672.0
992,56.0,51866.0
993,30.0,36335.0
994,62.0,53875.0
995,40.0,41201.0
996,49.0,47371.0
997,20.0,30806.0
998,65.0,55262.0
999,33.0,38593.0
1000,23.0,33115.0
1001,41.0,42908.0
1002,26.0,34012.0
1003,27.0,34745.0
1004,48.0,46619.0
1005,38.0,41116.0
1006,61.0,54593.0
1007,34.0,39083.0
1008,53.0,49960.0
1009,41.0,42861.0
1010,50.0,47216.0
1011,47.0,46257.0
1012,41.0,43554.0
1013,63.0,55513.0
1014,35.0,40076.0
1015,28.0,35399.0
1016,51.0,47674.0
1017,58.0,52227.0
1018,22.0,32833.0
1019,40.0,42345.0
1020,60.0,53316.0
1021,54.0,49579.0
1022,65.0,55383.0
1023,44.0,44071.0
1024,50.0,47403.0
1025,34.0,39345.0
1026,63.0,54332.0
1027,36.0,40093.0
1028,53.0,48845.0
1029,38.0,41336.0
1030,45.0,45588.0
1031,52.0,49627.0
1032,43.0,43698.0
1033,61.0,53738.0
1034,39.0,41301.0
1035,49.0,47279.0
1036,35.0,39630.0
1037,38.0,41131.0
1038,40.0,41960.0
1039,26.0,34340.0
1040,24.0,33123.0
1041,50.0,47399.0
1042,49.0,48078.0
1043,50.0,48762.0
1044,21.0,30887.0
1045,35.0,38452.0
1046,29.0,35417.0
1047,55.0,50208.0
1048,59.0,52748.0
1049,31.0,37401.0
1050,50.0,47615.0
1051,26.0,34466.0
1052,32.0,37464.0
1053,26.0,34310.0
1054,33.0,38007.0
1055,50.0,46908.0
1056,61.0,52950.0
1057,29.0,35452.0
1058,44.0,44799.0
1059,52.0,48482.0
1060,63.0,54890.0
1061,47.0,45179.0
1062,31.0,36572.0
1063,48.0,46812.0
1064,34.0,37543.0
1065,64.0,55771.0
1066,38.0,39980.0
1067,51.0,48386.0
1068,21.0,31131.0
1069,38.0,41426.0
1070,59.0,54263.0
1071,47.0,44967.0
1072,40.0,42335.0
1073,62.0,53260.0
1074,58.0,52349.0
1075,34.0,38871.0
1076,45.0,44542.0
1077,42.0,42667.0
1078,48.0,47037.0
1079,35.0,38545.0
1080,31.0,37665.0
1081,61.0,53384.0
1082,62.0,53165.0
1083,58.0,52670.0
1084,64.0,55177.0
1085,54.0,50392.0
1086,54.0,50536.0
1087,54.0,49475.0
1088,42.0,42853.0
1089,41.0,42358.0
1090,31.0,37709.0
1091,49.0,47178.0
1092,33.0,38249.0
1093,32.0,37281.0
1094,46.0,45477.0
1095,38.0,41799.0
1096,30.0,36419.0
1097,57.0,51000.0
1098,59.0,52017.0
1099,28.0,34874.0
1100,20.0,30485.0
1101,35.0,38944.0
1102,56.0,51488.0
1103,58.0,51666.0
1104,26.0,34776.0
1105,55.0,48925.0
1106,25.0,34148.0
1107,38.0,40573.0
1108,65.0,55475.0
1109,29.0,35857.0
1110,27.0,34563.0
1111,39.0,40402.0
1112,48.0,46798.0
1113,62.0,54211.0
1114,64.0,55118.0
1115,23.0,32241.0
1116,26.0,33681.0
1117,56.0,50683.0
1118,32.0,38505.0
1119,60.0,53002.0
1120,50.0,46729.0
1121,25.0,33881.0
1122,57.0,51578.0
1123,28.0,35797.0
1124,39.0,41785.0
1125,45.0,43174.0
1126,43.0,43667.0
1127,51.0,47481.0
1128,49.0,46443.0
1129,65.0,55459.0
1130,65.0,55941.0
1131,43.0,42962.0
1132,24.0,33708.0
1133,53.0,49396.0
1134,64.0,55196.0
1135,34.0,38445.0
1136,41.0,41925.0
1137,39.0,42026.0
1138,22.0,31517.0
1139,50.0,48171.0
1140,36.0,39663.0
1141,55.0,50442.0
1142,57.0,50741.0
1143,57.0,51252.0
1144,39.0,41619.0
1145,34.0,38290.0
1146,54.0,49783.0
1147,56.0,50879.0
1148,42.0,42837.0
1149,60.0,53530.0
1150,26.0,33461.0
1151,60.0,52930.0
1152,24.0,34188.0
1153,27.0,35520.0
1154,44.0,44407.0
1155,23.0,32520.0
1156,22.0,31989.0
1157,20.0,30861.0
1158,40.0,42071.0
1159,55.0,49768.0
1160,22.0,32241.0
1161,49.0,48210.0
1162,57.0,51341.0
1163,28.0,34486.0
1164,27.0,33963.0
1165,59.0,52693.0
1166,57.0,51342.0
1167,44.0,44777.0
1168,57.0,51008.0
1169,24.0,33711.0
1170,38.0,40684.0
1171,53.0,48894.0
1172,32.0,37171.0
1173,54.0,49022.0
1174,43.0,44473.0
1175,54.0,49521.0
1176,41.0,42823.0
1177,37.0,39837.0
1178,30.0,35899.0
1179,29.0,36040.0
1180,54.0,50150.0
1181,25.0,33683.0
1182,24.0,32693.0
1183,28.0,35441.0
1184,28.0,35589.0
1185,57.0,52193.0
1186,38.0,41040.0
1187,65.0,55834.0
1188,26.0,34756.0
1189,49.0,46599.0
1190,40.0,41624.0
1191,38.0,40183.0
1192,59.0,51992.0
1193,64.0,55544.0
1194,59.0,52748.0
1195,29.0,35799.0
1196,30.0,35168.0
1197,50.0,48266.0
1198,33.0,37708.0
1199,53.0,50210.0
1200,45.0,44294.0
1201,45.0,44229.0
1202,57.0,50405.0
1203,52.0,48767.0
1204,21.0,31107.0
1205,22.0,31688.0
1206,47.0,45202.0
1207,42.0,43422.0
1208,32.0,37795.0
1209,39.0,42268.0
1210,54.0,49415.0
1211,57.0,51568.0
1212,45.0,44246.0
1213,37.0,40370.0
1214,32.0,37440.0
1215,43.0,44150.0
1216,34.0,39299.0
1217,45.0,45457.0
1218,50.0,47326.0
1219,23.0,33135.0
1220,20.0,31004.0
1221,30.0,36092.0
1222,60.0,52785.0
1223,49.0,46716.0
1224,28.0,36127.0
1225,60.0,53188.0
1226,41.0,42719.0
1227,41.0,42652.0
1228,62.0,55378.0
1229,23.0,33125.0
1230,30.0,35965.0
1231,46.0,45361.0
1232,29.0,35731.0
1233,51.0,47891.0
1234,30.0,35948.0
1235,24.0,33674.0
1236,29.0,36849.0
1237,39.0,40806.0
1238,28.0,34795.0
1239,26.0,34092.0
1240,59.0,52074.0
1241,34.0,39929.0
1242,36.0,40430.0
1243,22.0,32840.0
1244,36.0,39713.0
1245,32.0,37411.0
1246,47.0,45384.0
1247,29.0,36474.0
1248,60.0,53233.0
1249,62.0,54652.0
1250,24.0,33365.0
1251,25.0,33587.0
1252,25.0,33939.0
1253,48.0,46780.0
1254,25.0,33284.0
1255,58.0,52464.0
1256,54.0,49658.0
1257,57.0,50761.0
1258,44.0,42978.0
1259,65.0,55600.0
1260,22.0,32817.0
1261,38.0,41769.0
1262,35.0,39195.0
1263,63.0,55460.0
1264,46.0,45256.0
1265,56.0,51430.0
1266,28.0,34990.0
1267,64.0,54964.0
1268,42.0,43003.0
1269,42.0,42188.0
1270,64.0,55673.0
1271,37.0,40102.0
1272,38.0,40438.0
1273,46.0,44883.0
1274,26.0,34067.0
1275,34.0,39829.0
1276,29.0,36829.0
1277,25.0,32726.0
1278,59.0,52260.0
1279,47.0,45069.0
1280,36.0,40371.0
1281,38.0,41258.0
1282,39.0,41362.0
1283,48.0,46707.0
1284,62.0,53699.0
1285,62.0,54893.0
1286,38.0,40963.0
1287,35.0,39484.0
1288,40.0,40830.0
1289,46.0,45023.0
1290,41.0,43472.0
1291,50.0,47967.0
1292,45.0,43798.0
1293,34.0,38781.0
1294,36.0,38956.0
1295,37.0,41226.0
1296,24.0,33464.0
1297,27.0,34726.0
1298,53.0,48914.0
1299,38.0,39326.0
1300,30.0,35767.0
1301,45.0,44944.0
1302,54.0,50122.0
1303,32.0,36401.0
1304,57.0,51272.0
1305,62.0,54461.0
1306,47.0,45060.0
1307,50.0,47671.0
1308,22.0,32334.0
1309,63.0,55259.0
1310,38.0,40599.0
1311,62.0,53781.0
1312,46.0,45757.0
1313,20.0,30451.0
1314,22.0,31843.0
1315,51.0,47613.0
1316,45.0,44857.0
1317,21.0,32081.0
1318,53.0,49678.0
1319,58.0,51716.0
1320,42.0,43355.0
1321,41.0,43273.0
1322,20.0,30720.0
1323,55.0,50542.0
1324,35.0,39089.0
1325,60.0,52718.0
1326,37.0,39418.0
1327,45.0,45691.0
1328,32.0,37304.0
1329,27.0,35488.0
1330,55.0,49868.0
1331,42.0,42978.0
1332,44.0,44885.0
1333,63.0,55391.0
1334,63.0,54953.0
1335,59.0,52558.0
1336,28.0,35499.0
1337,47.0,45704.0
1338,60.0,52403.0
1339,37.0,40720.0
1340,25.0,33156.0
1341,56.0,51814.0
1342,42.0,42766.0
1343,45.0,44979.0
1344,64.0,55687.0
1345,47.0,46040.0
1346,39.0,41369.0
1347,37.0,40142.0
1348,39.0,41783.0
1349,25.0,33599.0
1350,56.0,50607.0
1351,58.0,51739.0
1352,33.0,38471.0
1353,34.0,38469.0
1354,59.0,53544.0
1355,21.0,31515.0
1356,43.0,43762.0
1357,41.0,42390.0
1358,51.0,47422.0
1359,27.0,34526.0
1360,50.0,47276.0
1361,37.0,40892.0
1362,48.0,46297.0
1363,22.0,31750.0
1364,41.0,43041.0
1365,44.0,44701.0
1366,30.0,36932.0
1367,26.0,34029.0
1368,28.0,35417.0
1369,35.0,40424.0
1370,24.0,33517.0
1371,63.0,54312.0
1372,38.0,41383.0
1373,56.0,51526.0
1374,64.0,54831.0
1375,24.0,33108.0
1376,49.0,47592.0
1377,59.0,51987.0
1378,49.0,46703.0
1379,39.0,41061.0
1380,39.0,41177.0
1381,22.0,31607.0
1382,44.0,44470.0
1383,65.0,55429.0
1384,63.0,54404.0
1385,22.0,32026.0
1386,52.0,47895.0
1387,34.0,38683.0
1388,61.0,53915.0
1389,22.0,32077.0
1390,62.0,54062.0
1391,58.0,51914.0
1392,25.0,32894.0
1393,23.0,32749.0
1394,58.0,53210.0
1395,27.0,34794.0
1396,44.0,44179.0
1397,61.0,54036.0
1398,46.0,45867.0
1399,38.0,41319.0
1400,40.0,40936.0
1401,23.0,32844.0
1402,64.0,56263.0
1403,34.0,39000.0
1404,29.0,35109.0
1405,33.0,38221.0
1406,63.0,54228.0
1407,24.0,33950.0
1408,59.0,51988.0
1409,52.0,48556.0
1410,57.0,51114.0
1411,64.0,54880.0
1412,58.0,52586.0
1413,62.0,54400.0
1414,26.0,33862.0
1415,56.0,50123.0
1416,45.0,43570.0
1417,44.0,43826.0
1418,60.0,53304.0
1419,64.0,55542.0
1420,52.0,48165.0
1421,42.0,43738.0
1422,41.0,41937.0
1423,37.0,40443.0
1424,36.0,39410.0
1425,38.0,41185.0
1426,24.0,34270.0
1427,23.0,32036.0
1428,55.0,50129.0
1429,40.0,42673.0
1430,62.0,53311.0
1431,48.0,46436.0
1432,22.0,32481.0
1433,27.0,34938.0
1434,29.0,36369.0
1435,64.0,56030.0
1436,30.0,37387.0
1437,43.0,43734.0
1438,62.0,53904.0
1439,64.0,54726.0
1440,31.0,37338.0
1441,22.0,31530.0
1442,27.0,34675.0
1443,23.0,32619.0
1444,29.0,35578.0
1445,46.0,45212.0
1446,61.0,54865.0
1447,44.0,44235.0
1448,48.0,46276.0
1449,29.0,36504.0
1450,56.0,50934.0
1451,48.0,47010.0
1452,59.0,52470.0
1453,63.0,54360.0
1454,36.0,38719.0
1455,24.0,32432.0
1456,30.0,35674.0
1457,40.0,42026.0
1458,63.0,53725.0
1459,37.0,40991.0
1460,55.0,50092.0
1461,44.0,44255.0
1462,28.0,35103.0
1463,34.0,39249.0
1464,49.0,46764.0
1465,50.0,47160.0
1466,40.0,42354.0
1467,30.0,36836.0
1468,52.0,48750.0
1469,28.0,35500.0
1470,62.0,54187.0
1471,28.0,35842.0
1472,25.0,33248.0
1473,42.0,44352.0
1474,43.0,43569.0
1475,43.0,44356.0
1476,40.0,41713.0
1477,65.0,56025.0
1478,42.0,43403.0
1479,42.0,43403.0
1480,39.0,41018.0
1481,23.0,33192.0
1482,47.0,46599.0
1483,30.0,36513.0
1484,49.0,46798.0
1485,22.0,31996.0
1486,64.0,55116.0
1487,41.0,43464.0
1488,60.0,52693.0
1489,41.0,42299.0
1490,23.0,33299.0
1491,57.0,51662.0
1492,49.0,48103.0
1493,55.0,50123.0
1494,39.0,41660.0
1495,49.0,46459.0
1496,59.0,52263.0
1497,48.0,45732.0
1498,36.0,39947.0
1499,50.0,47559.0
1500,50.0,47600.0
1501,63.0,54579.0
1502,37.0,39733.0
1503,39.0,41885.0
1504,57.0,50514.0
1505,43.0,43774.0
1506,53.0,50267.0
1507,41.0,43121.0
1508,30.0,35581.0
1509,54.0,49175.0
1510,26.0,34457.0
1511,29.0,35880.0
1512,48.0,45814.0
1513,54.0,49688.0
1514,60.0,53139.0
1515,32.0,38704.0
1516,25.0,33614.0
1517,63.0,55246.0
1518,27.0,34188.0
1519,29.0,35378.0
1520,33.0,38571.0
1521,44.0,44644.0
1522,60.0,52371.0
1523,54.0,49836.0
1524,52.0,47836.0
1525,28.0,35245.0
1526,36.0,40271.0
1527,42.0,42623.0
1528,27.0,34524.0
1529,32.0,37202.0
1530,34.0,38307.0
1531,26.0,35029.0
1532,45.0,44655.0
1533,52.0,47948.0
1534,23.0,32573.0
1535,42.0,42109.0
1536,55.0,49853.0
1537,54.0,50193.0
1538,57.0,51102.0
1539,40.0,43039.0
1540,57.0,51261.0
1541,31.0,36941.0
1542,36.0,40251.0
1543,28.0,34029.0
1544,41.0,42673.0
1545,38.0,40679.0
1546,31.0,37706.0
1547,54.0,50089.0
1548,34.0,38201.0
1549,32.0,38373.0
1550,26.0,34108.0
1551,40.0,41409.0
1552,34.0,38597.0
1553,37.0,40038.0
1554,31.0,37610.0
1555,54.0,50058.0
1556,62.0,54120.0
1557,42.0,43774.0
1558,49.0,47461.0
1559,59.0,52854.0
1560,65.0,56431.0
1561,48.0,46489.0
1562,60.0,53106.0
1563,61.0,54108.0
1564,56.0,50543.0
1565,41.0,42425.0
1566,24.0,33869.0
1567,21.0,32202.0
1568,41.0,42807.0
1569,42.0,43008.0
1570,38.0,41814.0
1571,46.0,45462.0
1572,45.0,44824.0
1573,58.0,51545.0
1574,25.0,33855.0
1575,30.0,36562.0
1576,56.0,50295.0
1577,58.0,52048.0
1578,65.0,55755.0
1579,59.0,52417.0
1580,60.0,53477.0
1581,34.0,39425.0
1582,38.0,41426.0
1583,32.0,37497.0
1584,47.0,46384.0
1585,62.0,54274.0
1586,36.0,38912.0
1587,45.0,45122.0
1588,33.0,38406.0
1589,28.0,36499.0
1590,29.0,36559.0
1591,23.0,32790.0
1592,63.0,54620.0
1593,38.0,41053.0
1594,58.0,51143.0
1595,51.0,46993.0
1596,29.0,35314.0
1597,28.0,35319.0
1598,57.0,50044.0
1599,32.0,37279.0
1600,61.0,53480.0
1601,26.0,34359.0
1602,50.0,47442.0
1603,57.0,50987.0
1604,31.0,37685.0
1605,32.0,38167.0
1606,63.0,54592.0
1607,32.0,37515.0
1608,39.0,41627.0
1609,39.0,41321.0
1610,31.0,36878.0
1611,55.0,50706.0
1612,55.0,49893.0
1613,37.0,39816.0
1614,58.0,51648.0
1615,30.0,36333.0
1616,20.0,30120.0
1617,46.0,45116.0
1618,65.0,56037.0
1619,22.0,32182.0
1620,29.0,37263.0
1621,43.0,44469.0
1622,56.0,51771.0
1623,24.0,34604.0
1624,38.0,41161.0
1625,54.0,49572.0
1626,37.0,40683.0
1627,28.0,35394.0
1628,29.0,35892.0
1629,38.0,40825.0
1630,42.0,43065.0
1631,59.0,52004.0
1632,49.0,46552.0
1633,51.0,48294.0
1634,64.0,55260.0
1635,39.0,40229.0
1636,38.0,40255.0
1637,62.0,53279.0
1638,31.0,36644.0
1639,53.0,49270.0
1640,54.0,49785.0
1641,24.0,33953.0
1642,41.0,42965.0
1643,29.0,36500.0
1644,28.0,35892.0
1645,41.0,42585.0
1646,33.0,38713.0
1647,56.0,51162.0
1648,61.0,53651.0
1649,56.0,51503.0
1650,32.0,36411.0
1651,32.0,37640.0
1652,31.0,37152.0
1653,26.0,34919.0
1654,62.0,55145.0
1655,38.0,40226.0
1656,30.0,37267.0
1657,58.0,51369.0
1658,38.0,40309.0
1659,22.0,31752.0
1660,27.0,34849.0
1661,49.0,46042.0
1662,55.0,50702.0
1663,29.0,36560.0
1664,61.0,54233.0
1665,58.0,51845.0
1666,58.0,51978.0
1667,30.0,36619.0
1668,22.0,33095.0
1669,59.0,51052.0
1670,34.0,38090.0
1671,48.0,46321.0
1672,54.0,49266.0
1673,26.0,34046.0
1674,55.0,50263.0
1675,62.0,53899.0
1676,53.0,49060.0
1677,40.0,42234.0
1678,59.0,52580.0
1679,44.0,43828.0
1680,54.0,49350.0
1681,57.0,51304.0
1682,54.0,48676.0
1683,33.0,38355.0
1684,25.0,33691.0
1685,31.0,37530.0
1686,43.0,43742.0
1687,43.0,44091.0
1688,46.0,44915.0
1689,38.0,40593.0
1690,55.0,49854.0
1691,61.0,53248.0
1692,31.0,37732.0
1693,53.0,49973.0
1694,51.0,47206.0
1695,44.0,43717.0
1696,28.0,35628.0
1697,56.0,50975.0
1698,63.0,53896.0
1699,52.0,48064.0
1700,61.0,53962.0
1701,64.0,54384.0
1702,36.0,39490.0
1703,49.0,46877.0
1704,41.0,42938.0
1705,64.0,55348.0
1706,24.0,33139.0
1707,39.0,41629.0
1708,59.0,52812.0
1709,33.0,37707.0
1710,55.0,50517.0
1711,37.0,40665.0
1712,64.0,56114.0
1713,60.0,53261.0
1714,34.0,39065.0
1715,55.0,49757.0
1716,35.0,39075.0
1717,47.0,45890.0
1718,50.0,47226.0
1719,57.0,51028.0
1720,21.0,32238.0
1721,30.0,36891.0
1722,52.0,48467.0
1723,45.0,45268.0
1724,42.0,43378.0
1725,22.0,32726.0
1726,36.0,38948.0
1727,59.0,52338.0
1728,21.0,31736.0
1729,38.0,41124.0
1730,63.0,54078.0
1731,22.0,31009.0
1732,54.0,49014.0
1733,32.0,37345.0
1734,59.0,52481.0
1735,54.0,50307.0
1736,60.0,53213.0
1737,30.0,36385.0
1738,44.0,44133.0
1739,55.0,50839.0
1740,31.0,36786.0
1741,30.0,36641.0
1742,21.0,31128.0
1743,63.0,55433.0
1744,52.0,48769.0
1745,49.0,46376.0
1746,53.0,49357.0
1747,44.0,44412.0
1748,41.0,42659.0
1749,40.0,41859.0
1750,49.0,46524.0
1751,29.0,36157.0
1752,60.0,52800.0
1753,57.0,50864.0
1754,36.0,38984.0
1755,46.0,45359.0
1756,26.0,34400.0
1757,64.0,54905.0
1758,61.0,53446.0
1759,61.0,54191.0
1760,35.0,39572.0
1761,28.0,35462.0
1762,30.0,36121.0
1763,24.0,32944.0
1764,25.0,33451.0
1765,23.0,32468.0
1766,65.0,55508.0
1767,23.0,32440.0
1768,26.0,34328.0
1769,57.0,50992.0
1770,46.0,44530.0
1771,55.0,50577.0
1772,48.0,46378.0
1773,60.0,52415.0
1774,49.0,46255.0
1775,43.0,44134.0
1776,52.0,49328.0
1777,40.0,41871.0
1778,36.0,39457.0
1779,41.0,43110.0
1780,28.0,34295.0
1781,56.0,51699.0
1782,32.0,38674.0
1783,27.0,33447.0
1784,31.0,37048.0
1785,58.0,51482.0
1786,35.0,39040.0
1787,51.0,47771.0
1788,59.0,52602.0
1789,23.0,32868.0
1790,54.0,49479.0
1791,34.0,38529.0
1792,30.0,36619.0
1793,51.0,47458.0
1794,61.0,52694.0
1795,33.0,39298.0
1796,46.0,44757.0
1797,33.0,38105.0
1798,45.0,44520.0
1799,48.0,46665.0
1800,47.0,46992.0
1801,48.0,46723.0
1802,26.0,33584.0
1803,51.0,47473.0
1804,50.0,47501.0
1805,51.0,47760.0
1806,23.0,31972.0
1807,40.0,42469.0
1808,38.0,40580.0
1809,24.0,33893.0
1810,30.0,37414.0
1811,40.0,41790.0
1812,53.0,49606.0
1813,31.0,36251.0
1814,57.0,51848.0
1815,45.0,44259.0
1816,54.0,49277.0
1817,41.0,42551.0
1818,42.0,43122.0
1819,48.0,46175.0
1820,62.0,54442.0
1821,42.0,42780.0
1822,44.0,44952.0
1823,47.0,45237.0
1824,53.0,50061.0
1825,23.0,32270.0
1826,43.0,43763.0
1827,42.0,42674.0
1828,61.0,53640.0
1829,42.0,43615.0
1830,41.0,43341.0
1831,63.0,55410.0
1832,40.0,41949.0
1833,28.0,35569.0
1834,30.0,35978.0
1835,24.0,32860.0
1836,20.0,30441.0
1837,39.0,41472.0
1838,55.0,50164.0
1839,53.0,48197.0
1840,21.0,31773.0
1841,46.0,45865.0
1842,27.0,35379.0
1843,62.0,53999.0
1844,28.0,34444.0
1845,48.0,46739.0
1846,35.0,37916.0
1847,49.0,47434.0
1848,39.0,41097.0
1849,54.0,50717.0
1850,30.0,35846.0
1851,61.0,53877.0
1852,43.0,43330.0
1853,54.0,49548.0
1854,58.0,51346.0
1855,65.0,56019.0
1856,30.0,36881.0
1857,33.0,38993.0
1858,31.0,37702.0
1859,32.0,37209.0
1860,46.0,44914.0
1861,65.0,54905.0
1862,65.0,56246.0
1863,44.0,43649.0
1864,49.0,47556.0
1865,59.0,52547.0
1866,62.0,54255.0
1867,29.0,35892.0
1868,44.0,44412.0
1869,57.0,51605.0
1870,34.0,38320.0
1871,40.0,42233.0
1872,64.0,55322.0
1873,64.0,54981.0
1874,61.0,53726.0
1875,56.0,50730.0
1876,32.0,37905.0
1877,34.0,38714.0
1878,45.0,43941.0
1879,45.0,45747.0
1880,43.0,44285.0
1881,49.0,47199.0
1882,38.0,40912.0
1883,54.0,49392.0
1884,35.0,39947.0
1885,35.0,39007.0
1886,26.0,33833.0
1887,28.0,36607.0
1888,58.0,52027.0
1889,40.0,42930.0
1890,30.0,35941.0
1891,54.0,50053.0
1892,45.0,45747.0
1893,21.0,31538.0
1894,34.0,38698.0
1895,28.0,34797.0
1896,50.0,47774.0
1897,32.0,37422.0
1898,23.0,32560.0
1899,22.0,31742.0
1900,46.0,46176.0
1901,21.0,32115.0
1902,58.0,51992.0
1903,27.0,34269.0
1904,47.0,46780.0
1905,40.0,41823.0
1906,40.0,41408.0
1907,23.0,31896.0
1908,56.0,50545.0
1909,60.0,52376.0
1910,20.0,30961.0
1911,28.0,35793.0
1912,61.0,53184.0
1913,45.0,44778.0
1914,27.0,34352.0
1915,29.0,36052.0
1916,50.0,48295.0
1917,53.0,48765.0
1918,47.0,46028.0
1919,63.0,53808.0
1920,42.0,43988.0
1921,34.0,38193.0
1922,41.0,43337.0
1923,36.0,39840.0
1924,30.0,36860.0
1925,22.0,32473.0
1926,36.0,39491.0
1927,52.0,49153.0
1928,21.0,31077.0
1929,40.0,42259.0
1930,49.0,46744.0
1931,47.0,46282.0
1932,55.0,49991.0
1933,56.0,51085.0
1934,52.0,48077.0
1935,25.0,33668.0
1936,41.0,42779.0
1937,47.0,45664.0
1938,31.0,37050.0
1939,22.0,32120.0
1940,30.0,36226.0
1941,40.0,42194.0
1942,39.0,40742.0
1943,28.0,36545.0
1944,57.0,51934.0
1945,62.0,54047.0
1946,29.0,36569.0
1947,62.0,53017.0
1948,21.0,30163.0
1949,62.0,53693.0
1950,63.0,53871.0
1951,21.0,31180.0
1952,54.0,49988.0
1953,64.0,55473.0
1954,61.0,52852.0
1955,64.0,55225.0
1956,45.0,44628.0
1957,24.0,33108.0
1958,58.0,51772.0
1959,48.0,46884.0
1960,48.0,46163.0
1961,39.0,42214.0
1962,46.0,44758.0
1963,27.0,35173.0
1964,53.0,49279.0
1965,23.0,32693.0
1966,53.0,49378.0
1967,58.0,51863.0
1968,41.0,41363.0
1969,43.0,42087.0
1970,34.0,39364.0
1971,64.0,55609.0
1972,53.0,50089.0
1973,37.0,40124.0
1974,28.0,34680.0
1975,30.0,36225.0
1976,41.0,42488.0
1977,62.0,53825.0
1978,53.0,49994.0
1979,30.0,37447.0
1980,59.0,52513.0
1981,37.0,40355.0
1982,58.0,51433.0
1983,31.0,37755.0
1984,48.0,46350.0
1985,62.0,53791.0
1986,32.0,37623.0
1987,51.0,47857.0
1988,64.0,55509.0
1989,27.0,34006.0
1990,24.0,33732.0
1991,50.0,47634.0
1992,35.0,39988.0
1993,23.0,32663.0
1994,41.0,42696.0
1995,54.0,49050.0
1996,33.0,38437.0
1997,35.0,38854.0
1998,58.0,51688.0
1999,43.0,43872.0
2000,58.0,51918.0
2001,40.0,41195.0
2002,63.0,54471.0
2003,49.0,47505.0
2004,25.0,33679.0
2005,60.0,52794.0
2006,42.0,43191.0
2007,26.0,34443.0
2008,27.0,34264.0
2009,51.0,47998.0
2010,22.0,32670.0
2011,33.0,37568.0
2012,26.0,34273.0
2013,40.0,41226.0
2014,39.0,41726.0
2015,43.0,43870.0
2016,33.0,37496.0
2017,21.0,31839.0
2018,48.0,45604.0
2019,37.0,39733.0
2020,49.0,46390.0
2021,25.0,33156.0
2022,21.0,32020.0
2023,31.0,36779.0
2024,41.0,42533.0
2025,38.0,40335.0
2026,56.0,51435.0
2027,37.0,39838.0
2028,44.0,44148.0
2029,47.0,45716.0
2030,21.0,32704.0
2031,43.0,44065.0
2032,36.0,39238.0
2033,39.0,41769.0
2034,25.0,34551.0
2035,55.0,49560.0
2036,62.0,53903.0
2037,21.0,31433.0
2038,47.0,45675.0
2039,54.0,49739.0
2040,33.0,37397.0
2041,55.0,51194.0
2042,48.0,45939.0
2043,62.0,53897.0
2044,64.0,55803.0
2045,22.0,32033.0
2046,40.0,41523.0
2047,45.0,43864.0
2048,27.0,34517.0
2049,35.0,38945.0
2050,64.0,55547.0
2051,21.0,30701.0
2052,40.0,42606.0
2053,58.0,51913.0
2054,35.0,39111.0
2055,42.0,43596.0
2056,64.0,54988.0
2057,41.0,42390.0
2058,26.0,33966.0
2059,22.0,32184.0
2060,63.0,54354.0
2061,32.0,37163.0
2062,43.0,42464.0
2063,24.0,32964.0
2064,39.0,41665.0
2065,62.0,54088.0
2066,43.0,44034.0
2067,64.0,56013.0
2068,32.0,37786.0
2069,43.0,44179.0
2070,59.0,52657.0
2071,40.0,42949.0
2072,33.0,38843.0
2073,58.0,52649.0
2074,38.0,41003.0
2075,44.0,44033.0
2076,64.0,55148.0
2077,28.0,35447.0
2078,34.0,38770.0
2079,21.0,31409.0
2080,38.0,40602.0
2081,29.0,34777.0
2082,51.0,48692.0
2083,28.0,35377.0
2084,50.0,47929.0
2085,32.0,38250.0
2086,36.0,39942.0
2087,36.0,40356.0
2088,52.0,48119.0
2089,41.0,43745.0
2090,36.0,40486.0
2091,58.0,52207.0
2092,46.0,45868.0
2093,30.0,35708.0
2094,61.0,53133.0
2095,35.0,40203.0
2096,22.0,31031.0
2097,42.0,43522.0
2098,26.0,34334.0
2099,31.0,37887.0
2100,54.0,48700.0
2101,26.0,35041.0
2102,56.0,50692.0
2103,62.0,53965.0
2104,47.0,45401.0
2105,52.0,48037.0
2106,52.0,48863.0
2107,65.0,55016.0
2108,35.0,39823.0
2109,27.0,34699.0
2110,43.0,43243.0
2111,44.0,43934.0
2112,28.0,35572.0
2113,48.0,46036.0
2114,21.0,31367.0
2115,62.0,54308.0
2116,32.0,38089.0
2117,22.0,31824.0
2118,25.0,33157.0
2119,31.0,36984.0
2120,32.0,38015.0
2121,21.0,31082.0
2122,33.0,37469.0
2123,29.0,35416.0
2124,37.0,40267.0
2125,37.0,40152.0
2126,35.0,39744.0
2127,35.0,38314.0
2128,24.0,32431.0
2129,21.0,31457.0
2130,29.0,35915.0
2131,54.0,49000.0
2132,65.0,55219.0
2133,62.0,53781.0
2134,43.0,43283.0
2135,44.0,44239.0
2136,34.0,38455.0
2137,55.0,50894.0
2138,54.0,50172.0
2139,58.0,51492.0
2140,60.0,53211.0
2141,40.0,41812.0
2142,55.0,50588.0
2143,56.0,50658.0
2144,34.0,39018.0
2145,62.0,54020.0
2146,24.0,34081.0
2147,65.0,56254.0
2148,55.0,50158.0
2149,24.0,33177.0
2150,50.0,47495.0
2151,22.0,31756.0
2152,55.0,50902.0
2153,56.0,50820.0
2154,47.0,45707.0
2155,59.0,51977.0
2156,24.0,32816.0
2157,32.0,38107.0
2158,39.0,40841.0
2159,22.0,32600.0
2160,40.0,41447.0
2161,32.0,37628.0
2162,38.0,41295.0
2163,39.0,40445.0
2164,60.0,53775.0
2165,32.0,37478.0
2166,60.0,53191.0
2167,39.0,41829.0
2168,35.0,39476.0
2169,43.0,43574.0
2170,39.0,41838.0
2171,32.0,37630.0
2172,43.0,44322.0
2173,27.0,35018.0
2174,36.0,40693.0
2175,45.0,45454.0
2176,39.0,40329.0
2177,57.0,52697.0
2178,32.0,37067.0
2179,64.0,55750.0
2180,55.0,50435.0
2181,64.0,55478.0
2182,58.0,51400.0
2183,26.0,34830.0
2184,44.0,43903.0
2185,28.0,35996.0
2186,57.0,51470.0
2187,46.0,45926.0
2188,32.0,36438.0
2189,62.0,53965.0
2190,25.0,34056.0
2191,45.0,45067.0
2192,52.0,49326.0
2193,23.0,32274.0
2194,47.0,45821.0
2195,57.0,51784.0
2196,23.0,31532.0
2197,43.0,43973.0
2198,32.0,37232.0
2199,50.0,46951.0
2200,25.0,34106.0
2201,62.0,54806.0
2202,60.0,53664.0
2203,28.0,35535.0
2204,35.0,39439.0
2205,46.0,45978.0
2206,52.0,48728.0
2207,40.0,41609.0
2208,27.0,34551.0
2209,25.0,33997.0
2210,65.0,55723.0
2211,40.0,41747.0
2212,59.0,51753.0
2213,42.0,43355.0
2214,62.0,53555.0
2215,24.0,33337.0
2216,25.0,34442.0
2217,62.0,53354.0
2218,63.0,54428.0
2219,34.0,38704.0
2220,36.0,39980.0
2221,40.0,42818.0
2222,39.0,40635.0
2223,29.0,35989.0
2224,60.0,53751.0
2225,31.0,37176.0
2226,52.0,48387.0
2227,23.0,32871.0
2228,22.0,32132.0
2229,49.0,47471.0
2230,35.0,39671.0
2231,49.0,46732.0
2232,24.0,33822.0
2233,63.0,55092.0
2234,54.0,49619.0
2235,59.0,51941.0
2236,26.0,34320.0
2237,34.0,39021.0
2238,37.0,39544.0
2239,44.0,44115.0
2240,33.0,37643.0
2241,23.0,32804.0
2242,37.0,40213.0
2243,31.0,36477.0
2244,37.0,40727.0
2245,29.0,35846.0
2246,32.0,37740.0
2247,48.0,46321.0
2248,37.0,40206.0
2249,36.0,39163.0
2250,44.0,43945.0
2251,55.0,50113.0
2252,37.0,40451.0
2253,46.0,45446.0
2254,63.0,54702.0
2255,43.0,43743.0
2256,61.0,54771.0
2257,56.0,50258.0
2258,23.0,32174.0
2259,39.0,43267.0
2260,51.0,48494.0
2261,64.0,54731.0
2262,41.0,42766.0
2263,24.0,32841.0
2264,45.0,45364.0
2265,26.0,34027.0
2266,54.0,49380.0
2267,43.0,44370.0
2268,53.0,49188.0
2269,59.0,53003.0
2270,48.0,46784.0
2271,48.0,45936.0
2272,54.0,49981.0
2273,58.0,52455.0
2274,59.0,52576.0
2275,22.0,32802.0
2276,45.0,45191.0
2277,30.0,36459.0
2278,59.0,52419.0
2279,49.0,47116.0
2280,39.0,40775.0
2281,28.0,35611.0
2282,35.0,39501.0
2283,52.0,48210.0
2284,29.0,36227.0
2285,24.0,33327.0
2286,60.0,53366.0
2287,54.0,50246.0
2288,29.0,36029.0
2289,33.0,37551.0
2290,64.0,55954.0
2291,52.0,48457.0
2292,47.0,46070.0
2293,34.0,38443.0
2294,33.0,38159.0
2295,22.0,32750.0
2296,53.0,49723.0
2297,22.0,32291.0
2298,20.0,31066.0
2299,53.0,49365.0
2300,63.0,54522.0
2301,54.0,49628.0
2302,41.0,42842.0
2303,42.0,42809.0
2304,40.0,41921.0
2305,35.0,39137.0
2306,43.0,44214.0
2307,39.0,41361.0
2308,47.0,46160.0
2309,60.0,52775.0
2310,65.0,55340.0
2311,24.0,32684.0
2312,37.0,39985.0
2313,28.0,35980.0
2314,36.0,39230.0
2315,33.0,37765.0
2316,28.0,35947.0
2317,54.0,49626.0
2318,42.0,43189.0
2319,61.0,53245.0
2320,21.0,32223.0
2321,23.0,33081.0
2322,38.0,41350.0
2323,24.0,33256.0
2324,32.0,37539.0
2325,64.0,55142.0
2326,29.0,35764.0
2327,29.0,36548.0
2328,46.0,45580.0
2329,42.0,42979.0
2330,46.0,45386.0
2331,37.0,40174.0
2332,57.0,50898.0
2333,26.0,34519.0
2334,39.0,41395.0
2335,51.0,47595.0
2336,59.0,51749.0
2337,37.0,39365.0
2338,46.0,44866.0
2339,23.0,32669.0
2340,28.0,34778.0
2341,23.0,33037.0
2342,53.0,48982.0
2343,33.0,38418.0
2344,53.0,48821.0
2345,23.0,32250.0
2346,59.0,52405.0
2347,58.0,51048.0
2348,24.0,33471.0
2349,21.0,31119.0
2350,23.0,32852.0
2351,58.0,51958.0
2352,31.0,37340.0
2353,45.0,44008.0
2354,39.0,41211.0
2355,56.0,50880.0
2356,42.0,43685.0
2357,43.0,44225.0
2358,65.0,55501.0
2359,27.0,35635.0
2360,57.0,51415.0
2361,22.0,32830.0
2362,41.0,42351.0
2363,60.0,53147.0
2364,50.0,46293.0
2365,51.0,47398.0
2366,32.0,37750.0
2367,39.0,40704.0
2368,36.0,40286.0
2369,43.0,44359.0
2370,41.0,42189.0
2371,35.0,38606.0
2372,34.0,38324.0
2373,31.0,36726.0
2374,36.0,39984.0
2375,27.0,34762.0
2376,59.0,52432.0
2377,47.0,46740.0
2378,26.0,33952.0
2379,51.0,48869.0
2380,58.0,51459.0
2381,31.0,36915.0
2382,27.0,35319.0
2383,20.0,31779.0
2384,22.0,31959.0
2385,54.0,50143.0
2386,64.0,55643.0
2387,22.0,31841.0
2388,54.0,49823.0
2389,23.0,33710.0
2390,47.0,45891.0
2391,54.0,49996.0
2392,36.0,40226.0
2393,20.0,30540.0
2394,47.0,45961.0
2395,65.0,55025.0
2396,32.0,37081.0
2397,29.0,36771.0
2398,26.0,33941.0
2399,45.0,44372.0
2400,47.0,46338.0
2401,56.0,50135.0
2402,54.0,49415.0
2403,60.0,53715.0
2404,56.0,50964.0
2405,31.0,36339.0
2406,45.0,45030.0
2407,33.0,38163.0
2408,35.0,39932.0
2409,62.0,53763.0
2410,51.0,48403.0
2411,64.0,56009.0
2412,39.0,40893.0
2413,44.0,44205.0
2414,42.0,43250.0
2415,25.0,33227.0
2416,31.0,36994.0
2417,44.0,43947.0
2418,23.0,32545.0
2419,62.0,54078.0
2420,26.0,34101.0
2421,29.0,35982.0
2422,54.0,49642.0
2423,24.0,33122.0
2424,61.0,53223.0
2425,53.0,48939.0
2426,23.0,32479.0
2427,51.0,48285.0
2428,48.0,45725.0
2429,54.0,49379.0
2430,57.0,51358.0
2431,52.0,48351.0
2432,46.0,46322.0
2433,35.0,38990.0
2434,51.0,48346.0
2435,63.0,54443.0
2436,46.0,45533.0
2437,50.0,46835.0
2438,40.0,41734.0
2439,54.0,49245.0
2440,65.0,55554.0
2441,27.0,33690.0
2442,29.0,35446.0
2443,44.0,45083.0
2444,42.0,43329.0
2445,46.0,45806.0
2446,22.0,32908.0
2447,38.0,41342.0
2448,46.0,45202.0
2449,46.0,44965.0
2450,50.0,47842.0
2451,52.0,48858.0
2452,49.0,48125.0
2453,56.0,50376.0
2454,48.0,47449.0
2455,44.0,44225.0
2456,47.0,46671.0
2457,25.0,34353.0
2458,32.0,37249.0
2459,44.0,43811.0
2460,59.0,52090.0
2461,51.0,47192.0
2462,24.0,33571.0
2463,47.0,45560.0
2464,30.0,36514.0
2465,53.0,49445.0
2466,57.0,50550.0
2467,47.0,46331.0
2468,47.0,45462.0
2469,35.0,39646.0
2470,40.0,42355.0
2471,59.0,53072.0
2472,53.0,48850.0
2473,43.0,42802.0
2474,37.0,40142.0
2475,22.0,32347.0
2476,26.0,34022.0
2477,29.0,35851.0
2478,37.0,40061.0
2479,62.0,53696.0
2480,43.0,43838.0
2481,31.0,36530.0
2482,25.0,33414.0
2483,35.0,39142.0
2484,57.0,51807.0
2485,37.0,40467.0
2486,55.0,50159.0
2487,56.0,50647.0
2488,25.0,33974.0
2489,47.0,46739.0
2490,63.0,55062.0
2491,38.0,41296.0
2492,22.0,32564.0
2493,62.0,53162.0
2494,60.0,52433.0
2495,43.0,43821.0
2496,45.0,44305.0
2497,30.0,35708.0
2498,57.0,50345.0
2499,42.0,42667.0
2500,22.0,31710.0
2501,51.0,47870.0
2502,63.0,54128.0
2503,57.0,51561.0
2504,32.0,37644.0
2505,22.0,32865.0
2506,62.0,54193.0
2507,62.0,54540.0
2508,44.0,44279.0
2509,49.0,46196.0
2510,41.0,42404.0
2511,39.0,40771.0
2512,25.0,33902.0
2513,24.0,33022.0
2514,30.0,36951.0
2515,58.0,51036.0
2516,27.0,34617.0
2517,30.0,36897.0
2518,45.0,45032.0
2519,30.0,35942.0
2520,27.0,35048.0
2521,45.0,45034.0
2522,37.0,40884.0
2523,48.0,45757.0
2524,61.0,53122.0
2525,27.0,36139.0
2526,61.0,53471.0
2527,61.0,52391.0
2528,57.0,51229.0
2529,48.0,45240.0
2530,48.0,46469.0
2531,49.0,47225.0
2532,51.0,47634.0
2533,21.0,31173.0
2534,63.0,55175.0
2535,46.0,44619.0
2536,55.0,49680.0
2537,37.0,40224.0
2538,21.0,30931.0
2539,43.0,43469.0
2540,43.0,42921.0
2541,40.0,41923.0
2542,35.0,39333.0
2543,31.0,37458.0
2544,44.0,44157.0
2545,37.0,40391.0
2546,64.0,54283.0
2547,28.0,35526.0
2548,34.0,38746.0
2549,33.0,38192.0
2550,44.0,44971.0
2551,42.0,42997.0
2552,49.0,47608.0
2553,63.0,55235.0
2554,33.0,38436.0
2555,51.0,47656.0
2556,21.0,30527.0
2557,32.0,38034.0
2558,41.0,42533.0
2559,21.0,31395.0
2560,48.0,46874.0
2561,51.0,47357.0
2562,54.0,49270.0
2563,43.0,44048.0
2564,47.0,45391.0
2565,38.0,40748.0
2566,22.0,32566.0
2567,24.0,33579.0
2568,49.0,47835.0
2569,65.0,56207.0
2570,21.0,31395.0
2571,45.0,43632.0
2572,54.0,49035.0
2573,57.0,51844.0
2574,45.0,43719.0
2575,48.0,46180.0
2576,51.0,48413.0
2577,59.0,52994.0
2578,26.0,33739.0
2579,62.0,53601.0
2580,21.0,31618.0
2581,58.0,51871.0
2582,23.0,32822.0
2583,29.0,36342.0
2584,20.0,30697.0
2585,40.0,42080.0
2586,35.0,39498.0
2587,27.0,34908.0
2588,40.0,42584.0
2589,38.0,41033.0
2590,55.0,50394.0
2591,60.0,53202.0
2592,49.0,47339.0
2593,26.0,33763.0
2594,33.0,37996.0
2595,61.0,54217.0
2596,24.0,33514.0
2597,38.0,40558.0
2598,62.0,54417.0
2599,63.0,53342.0
2600,39.0,40890.0
2601,50.0,47999.0
2602,41.0,42242.0
2603,54.0,49707.0
2604,21.0,30273.0
2605,26.0,34372.0
2606,48.0,46371.0
2607,30.0,36988.0
2608,50.0,47966.0
2609,36.0,39588.0
2610,60.0,52862.0
2611,57.0,50611.0
2612,42.0,43095.0
2613,55.0,49498.0
2614,32.0,36787.0
2615,42.0,42690.0
2616,29.0,36642.0
2617,59.0,52172.0
2618,57.0,51481.0
2619,61.0,53071.0
2620,59.0,51822.0
2621,63.0,55218.0
2622,30.0,35565.0
2623,62.0,53785.0
2624,46.0,45110.0
2625,39.0,41572.0
2626,45.0,44506.0
2627,35.0,38560.0
2628,33.0,37741.0
2629,31.0,36598.0
2630,24.0,32654.0
2631,42.0,43775.0
2632,60.0,52365.0
2633,48.0,46747.0
2634,43.0,43973.0
2635,39.0,42088.0
2636,41.0,42427.0
2637,29.0,36575.0
2638,57.0,51282.0
2639,29.0,36127.0
2640,52.0,47985.0
2641,54.0,48490.0
2642,46.0,45417.0
2643,59.0,52573.0
2644,33.0,38441.0
2645,60.0,52558.0
2646,53.0,49798.0
2647,56.0,50539.0
2648,50.0,47659.0
2649,58.0,52244.0
2650,65.0,56439.0
2651,39.0,41241.0
2652,57.0,50818.0
2653,54.0,48679.0
2654,40.0,42985.0
2655,62.0,54153.0
2656,38.0,40989.0
2657,45.0,46554.0
2658,25.0,33785.0
2659,30.0,35937.0
2660,58.0,51709.0
2661,38.0,40327.0
2662,38.0,40556.0
2663,31.0,36887.0
2664,42.0,42874.0
2665,56.0,50247.0
2666,60.0,53952.0
2667,23.0,32885.0
2668,46.0,45114.0
2669,41.0,42944.0
2670,48.0,46439.0
2671,40.0,42208.0
2672,38.0,41209.0
2673,41.0,42746.0
2674,46.0,45740.0
2675,43.0,43776.0
2676,41.0,42767.0
2677,57.0,51131.0
2678,54.0,50220.0
2679,35.0,39210.0
2680,56.0,51010.0
2681,58.0,52335.0
2682,27.0,34494.0
2683,46.0,45017.0
2684,33.0,37885.0
2685,53.0,49048.0
2686,31.0,36181.0
2687,50.0,47291.0
2688,31.0,37447.0
2689,43.0,44284.0
2690,63.0,54756.0
2691,37.0,39138.0
2692,59.0,52995.0
2693,64.0,55148.0
2694,59.0,52879.0
2695,27.0,35098.0
2696,57.0,51190.0
2697,21.0,31745.0
2698,38.0,40723.0
2699,59.0,53223.0
2700,51.0,48037.0
2701,44.0,44728.0
2702,37.0,41070.0
2703,57.0,51438.0
2704,52.0,47668.0
2705,41.0,43151.0
2706,60.0,52860.0
2707,30.0,37049.0
2708,28.0,34731.0
2709,49.0,46317.0
2710,64.0,56045.0
2711,31.0,36641.0
2712,31.0,37752.0
2713,26.0,34512.0
2714,59.0,52089.0
2715,30.0,36581.0
2716,43.0,42803.0
2717,65.0,55517.0
2718,21.0,30759.0
2719,45.0,44575.0
2720,43.0,44142.0
2721,56.0,51111.0
2722,36.0,39052.0
2723,38.0,41582.0
2724,28.0,35153.0
2725,53.0,49064.0
2726,55.0,50795.0
2727,26.0,34299.0
2728,38.0,40155.0
2729,60.0,54023.0
2730,20.0,31058.0
2731,33.0,38354.0
2732,45.0,44535.0
2733,35.0,39859.0
2734,32.0,37471.0
2735,41.0,41613.0
2736,28.0,35153.0
2737,44.0,44772.0
2738,52.0,48907.0
2739,46.0,45111.0
2740,24.0,33991.0
2741,58.0,52273.0
2742,28.0,35197.0
2743,54.0,49846.0
2744,36.0,40089.0
2745,55.0,49957.0
2746,29.0,36108.0
2747,28.0,35774.0
2748,42.0,42458.0
2749,21.0,31721.0
2750,30.0,36425.0
2751,53.0,49433.0
2752,58.0,50803.0
2753,24.0,32809.0
2754,60.0,52591.0
2755,56.0,51219.0
2756,59.0,52503.0
2757,51.0,49184.0
2758,50.0,48016.0
2759,44.0,43791.0
2760,49.0,47276.0
2761,61.0,53571.0
2762,25.0,33918.0
2763,34.0,38149.0
2764,23.0,32381.0
2765,63.0,54612.0
2766,40.0,42633.0
2767,50.0,46614.0
2768,58.0,52505.0
2769,65.0,55457.0
2770,27.0,34062.0
2771,56.0,49287.0
2772,60.0,52199.0
2773,22.0,32200.0
2774,54.0,49631.0
2775,36.0,40096.0
2776,49.0,46778.0
2777,43.0,43169.0
2778,32.0,37222.0
2779,26.0,34364.0
2780,25.0,34010.0
2781,25.0,33163.0
2782,49.0,47236.0
2783,36.0,39387.0
2784,30.0,35927.0
2785,51.0,47853.0
2786,51.0,48537.0
2787,44.0,44278.0
2788,62.0,53793.0
2789,37.0,41002.0
2790,58.0,52759.0
2791,23.0,32965.0
2792,53.0,49928.0
2793,64.0,55982.0
2794,58.0,51650.0
2795,46.0,45360.0
2796,48.0,45871.0
2797,36.0,39641.0
2798,51.0,47504.0
2799,55.0,49866.0
2800,65.0,55331.0
2801,42.0,43045.0
2802,23.0,32783.0
2803,47.0,45688.0
2804,25.0,33014.0
2805,31.0,36685.0
2806,35.0,38378.0
2807,53.0,49215.0
2808,28.0,35801.0
2809,27.0,35231.0
2810,22.0,31719.0
2811,59.0,52736.0
2812,51.0,47929.0
2813,22.0,31420.0
2814,21.0,32071.0
2815,45.0,45236.0
2816,33.0,38467.0
2817,47.0,45465.0
2818,40.0,42346.0
2819,62.0,53605.0
2820,33.0,38450.0
2821,51.0,47553.0
2822,22.0,32226.0
2823,63.0,53447.0
2824,64.0,55123.0
2825,53.0,49338.0
2826,41.0,42309.0
2827,30.0,37323.0
2828,57.0,50529.0
2829,53.0,48943.0
2830,30.0,36041.0
2831,40.0,41886.0
2832,41.0,42970.0
2833,57.0,52193.0
2834,51.0,47575.0
2835,49.0,46557.0
2836,49.0,46505.0
2837,32.0,38347.0
2838,37.0,40760.0
2839,22.0,32077.0
2840,55.0,49779.0
2841,39.0,41063.0
2842,40.0,41932.0
2843,31.0,37347.0
2844,29.0,35150.0
2845,46.0,45388.0
2846,30.0,37565.0
2847,23.0,32480.0
2848,55.0,50741.0
2849,37.0,40642.0
2850,37.0,39869.0
2851,39.0,41529.0
2852,57.0,51108.0
2853,34.0,38464.0
2854,54.0,49276.0
2855,62.0,55007.0
2856,50.0,46868.0
2857,39.0,42223.0
2858,54.0,49290.0
2859,41.0,42320.0
2860,39.0,41538.0
2861,44.0,43701.0
2862,34.0,39148.0
2863,25.0,32557.0
2864,39.0,41487.0
2865,26.0,32831.0
2866,38.0,41045.0
2867,45.0,45211.0
2868,62.0,54346.0
2869,22.0,31247.0
2870,48.0,45796.0
2871,41.0,41985.0
2872,21.0,31595.0
2873,31.0,36160.0
2874,25.0,33926.0
2875,30.0,36521.0
2876,32.0,37654.0
2877,38.0,41195.0
2878,44.0,44206.0
2879,20.0,30754.0
2880,27.0,34038.0
2881,24.0,33382.0
2882,45.0,44128.0
2883,35.0,38855.0
2884,45.0,44812.0
2885,30.0,37199.0
2886,21.0,31581.0
2887,62.0,54576.0
2888,25.0,32958.0
2889,26.0,34263.0
2890,27.0,34597.0
2891,64.0,55901.0
2892,48.0,46017.0
2893,47.0,45984.0
2894,64.0,55950.0
2895,24.0,33143.0
2896,64.0,54564.0
2897,29.0,37325.0
2898,48.0,45882.0
2899,39.0,41365.0
2900,37.0,40676.0
2901,62.0,54182.0
2902,27.0,34599.0
2903,65.0,55585.0
2904,37.0,40266.0
2905,49.0,46499.0
2906,64.0,56031.0
2907,23.0,32316.0
2908,62.0,54139.0
2909,46.0,44886.0
2910,52.0,48256.0
2911,27.0,34465.0
2912,44.0,43426.0
2913,50.0,47589.0
2914,41.0,42089.0
2915,27.0,35422.0
2916,31.0,36444.0
2917,58.0,51858.0
2918,22.0,31404.0
2919,52.0,49266.0
2920,65.0,55300.0
2921,20.0,31466.0
2922,27.0,35471.0
2923,50.0,47612.0
2924,23.0,31796.0
2925,47.0,44915.0
2926,51.0,48359.0
2927,46.0,44926.0
2928,36.0,40234.0
2929,51.0,48315.0
2930,47.0,45897.0
2931,29.0,36375.0
2932,45.0,44471.0
2933,60.0,52339.0
2934,50.0,47862.0
2935,41.0,42362.0
2936,34.0,37584.0
2937,24.0,33450.0
2938,31.0,36536.0
2939,21.0,31510.0
2940,64.0,56115.0
2941,30.0,36515.0
2942,57.0,51666.0
2943,28.0,35251.0
2944,33.0,38813.0
2945,39.0,40821.0
2946,35.0,39025.0
2947,56.0,51096.0
2948,63.0,54608.0
2949,59.0,53240.0
2950,27.0,34585.0
2951,55.0,51258.0
2952,27.0,35723.0
2953,61.0,53747.0
2954,43.0,44094.0
2955,35.0,39921.0
2956,27.0,34293.0
2957,21.0,30636.0
2958,31.0,37765.0
2959,61.0,53759.0
2960,56.0,50619.0
2961,64.0,55008.0
2962,25.0,32301.0
2963,47.0,45561.0
2964,32.0,36988.0
2965,44.0,44897.0
2966,34.0,39429.0
2967,33.0,38304.0
2968,46.0,45400.0
2969,28.0,34788.0
2970,41.0,42906.0
2971,49.0,47422.0
2972,26.0,34795.0
2973,62.0,55091.0
2974,43.0,42670.0
2975,57.0,51089.0
2976,49.0,46813.0
2977,52.0,48659.0
2978,52.0,48731.0
2979,59.0,52542.0
2980,48.0,46701.0
2981,33.0,37335.0
2982,24.0,32942.0
2983,47.0,45493.0
2984,23.0,32462.0
2985,31.0,36358.0
2986,23.0,32478.0
2987,45.0,44502.0
2988,27.0,34575.0
2989,47.0,46544.0
2990,56.0,50544.0
2991,57.0,51873.0
2992,34.0,38564.0
2993,45.0,44575.0
2994,45.0,44653.0
2995,41.0,42700.0
2996,49.0,47570.0
2997,29.0,35994.0
2998,64.0,55495.0
2999,24.0,33021.0
3000,57.0,51903.0
3001,47.0,45414.0
3002,31.0,37486.0
3003,54.0,49486.0
3004,24.0,33851.0
3005,55.0,49590.0
3006,47.0,44864.0
3007,25.0,33433.0
3008,24.0,32275.0
3009,54.0,48892.0
3010,33.0,38561.0
3011,60.0,53008.0
3012,54.0,49621.0
3013,51.0,48087.0
3014,33.0,37597.0
3015,52.0,49372.0
3016,63.0,54099.0
3017,24.0,32605.0
3018,35.0,39471.0
3019,31.0,36700.0
3020,38.0,41752.0
3021,53.0,49110.0
3022,41.0,43160.0
3023,46.0,45667.0
3024,34.0,38515.0
3025,26.0,34125.0
3026,32.0,37977.0
3027,59.0,52565.0
3028,47.0,45205.0
3029,37.0,39791.0
3030,56.0,49282.0
3031,23.0,32893.0
3032,31.0,37153.0
3033,30.0,36614.0
3034,64.0,54542.0
3035,52.0,47927.0
3036,48.0,46051.0
3037,20.0,30787.0
3038,28.0,35621.0
3039,49.0,47021.0
3040,37.0,41533.0
3041,62.0,53866.0
3042,54.0,50485.0
3043,40.0,41658.0
3044,54.0,48713.0
3045,64.0,54965.0
3046,41.0,41610.0
3047,49.0,46910.0
3048,61.0,53347.0
3049,31.0,36178.0
3050,60.0,53810.0
3051,24.0,33145.0
3052,49.0,46230.0
3053,55.0,50824.0
3054,48.0,45847.0
3055,42.0,43810.0
3056,48.0,45913.0
3057,27.0,34483.0
3058,30.0,36508.0
3059,32.0,37977.0
3060,47.0,46179.0
3061,40.0,41892.0
3062,31.0,37315.0
3063,60.0,53222.0
3064,37.0,40355.0
3065,40.0,41968.0
3066,38.0,40417.0
3067,28.0,35803.0
3068,53.0,49129.0
3069,40.0,41893.0
3070,21.0,32041.0
3071,63.0,54145.0
3072,57.0,52012.0
3073,53.0,48897.0
3074,59.0,52669.0
3075,61.0,53246.0
3076,35.0,38519.0
3077,47.0,46051.0
3078,47.0,46235.0
3079,32.0,37954.0
3080,30.0,36394.0
3081,25.0,32723.0
3082,50.0,46547.0
3083,55.0,51354.0
3084,54.0,49287.0
3085,34.0,39541.0
3086,29.0,35613.0
3087,40.0,42136.0
3088,45.0,44846.0
3089,61.0,53337.0
3090,59.0,53448.0
3091,61.0,53710.0
3092,58.0,52274.0
3093,63.0,54740.0
3094,41.0,42850.0
3095,22.0,32964.0
3096,24.0,33003.0
3097,38.0,41524.0
3098,32.0,37072.0
3099,28.0,35588.0
3100,63.0,54836.0
3101,29.0,35302.0
3102,63.0,54852.0
3103,54.0,49834.0
3104,49.0,46437.0
3105,50.0,47910.0
3106,35.0,39277.0
3107,49.0,46963.0
3108,28.0,35586.0
3109,62.0,54163.0
3110,34.0,38286.0
3111,31.0,37386.0
3112,52.0,48279.0
3113,50.0,48576.0
3114,40.0,41465.0
3115,48.0,46361.0
3116,27.0,34695.0
3117,50.0,48685.0
3118,32.0,37038.0
3119,32.0,37966.0
3120,27.0,35138.0
3121,35.0,39393.0
3122,35.0,39817.0
3123,40.0,42849.0
3124,29.0,35487.0
3125,29.0,35874.0
3126,44.0,43476.0
3127,26.0,34239.0
3128,51.0,47653.0
3129,62.0,54270.0
3130,39.0,40721.0
3131,61.0,53505.0
3132,24.0,32585.0
3133,22.0,32137.0
3134,52.0,48241.0
3135,54.0,49410.0
3136,58.0,52443.0
3137,23.0,32700.0
3138,55.0,50803.0
3139,37.0,41099.0
3140,34.0,38121.0
3141,28.0,36032.0
3142,65.0,54919.0
3143,23.0,32949.0
3144,57.0,51222.0
3145,49.0,46362.0
3146,53.0,49500.0
3147,52.0,49087.0
3148,59.0,52704.0
3149,28.0,35656.0
3150,20.0,31086.0
3151,47.0,46077.0
3152,36.0,39910.0
3153,26.0,34334.0
3154,28.0,35709.0
3155,35.0,39632.0
3156,23.0,31925.0
3157,23.0,32343.0
3158,61.0,52980.0
3159,34.0,38863.0
3160,64.0,56131.0
3161,63.0,54631.0
3162,26.0,34592.0
3163,52.0,49073.0
3164,47.0,44836.0
3165,51.0,47832.0
3166,24.0,33563.0
3167,28.0,34218.0
3168,23.0,32408.0
3169,47.0,46503.0
3170,64.0,55920.0
3171,50.0,47819.0
3172,52.0,49032.0
3173,64.0,55476.0
3174,51.0,48058.0
3175,22.0,31837.0
3176,59.0,52516.0
3177,36.0,39710.0
3178,20.0,31740.0
3179,43.0,44315.0
3180,62.0,54881.0
3181,32.0,37165.0
3182,42.0,42688.0
3183,28.0,35939.0
3184,23.0,32700.0
3185,24.0,33158.0
3186,53.0,48677.0
3187,59.0,52599.0
3188,26.0,34004.0
3189,33.0,38453.0
3190,29.0,36516.0
3191,21.0,32480.0
3192,45.0,45052.0
3193,51.0,47632.0
3194,49.0,47134.0
3195,37.0,41674.0
3196,45.0,44302.0
3197,24.0,33299.0
3198,27.0,35526.0
3199,62.0,54370.0
3200,54.0,51087.0
3201,62.0,53471.0
3202,61.0,53193.0
3203,49.0,47685.0
3204,62.0,53376.0
3205,39.0,41215.0
3206,20.0,31057.0
3207,23.0,33067.0
3208,25.0,34017.0
3209,24.0,33589.0
3210,36.0,39503.0
3211,52.0,48964.0
3212,56.0,52581.0
3213,47.0,45953.0
3214,27.0,34674.0
3215,54.0,48862.0
3216,36.0,39463.0
3217,21.0,31215.0
3218,33.0,37677.0
3219,35.0,39174.0
3220,32.0,38677.0
3221,57.0,51717.0
3222,54.0,49729.0
3223,51.0,47611.0
3224,26.0,35109.0
3225,56.0,50969.0
3226,50.0,46897.0
3227,29.0,36178.0
3228,49.0,47553.0
3229,42.0,41754.0
3230,40.0,41462.0
3231,25.0,33720.0
3232,43.0,44195.0
3233,24.0,33215.0
3234,27.0,34649.0
3235,26.0,34644.0
3236,63.0,54380.0
3237,33.0,38321.0
3238,36.0,39236.0
3239,34.0,38295.0
3240,60.0,53609.0
3241,45.0,45060.0
3242,61.0,54210.0
3243,33.0,38157.0
3244,25.0,33445.0
3245,45.0,45447.0
3246,36.0,38791.0
3247,56.0,51473.0
3248,60.0,53426.0
3249,41.0,43126.0
3250,64.0,54697.0
3251,45.0,44279.0
3252,32.0,37600.0
3253,42.0,42455.0
3254,22.0,31443.0
3255,56.0,51221.0
3256,25.0,33835.0
3257,34.0,38117.0
3258,45.0,45330.0
3259,22.0,32291.0
3260,24.0,33718.0
3261,51.0,48513.0
3262,23.0,33306.0
3263,41.0,43046.0
3264,35.0,39873.0
3265,30.0,36001.0
3266,28.0,35611.0
3267,54.0,49875.0
3268,63.0,54429.0
3269,26.0,34691.0
3270,63.0,55069.0
3271,47.0,45917.0
3272,49.0,46793.0
3273,52.0,48203.0
3274,52.0,48976.0
3275,57.0,51465.0
3276,42.0,42457.0
3277,44.0,44104.0
3278,35.0,38143.0
3279,25.0,33623.0
3280,50.0,47351.0
3281,22.0,31545.0
3282,32.0,38614.0
3283,24.0,32754.0
3284,29.0,36074.0
3285,49.0,47902.0
3286,48.0,47093.0
3287,39.0,41405.0
3288,24.0,32665.0
3289,40.0,41045.0
3290,36.0,39525.0
3291,52.0,48488.0
3292,46.0,44971.0
3293,42.0,43003.0
3294,42.0,43002.0
3295,63.0,55158.0
3296,54.0,49099.0
3297,42.0,42959.0
3298,42.0,42781.0
3299,21.0,31558.0
3300,62.0,55245.0
3301,34.0,39016.0
3302,32.0,36528.0
3303,65.0,55944.0
3304,52.0,49060.0
3305,22.0,32110.0
3306,23.0,31925.0
3307,21.0,32510.0
3308,47.0,45306.0
3309,23.0,33102.0
3310,62.0,54201.0
3311,62.0,54489.0
3312,45.0,45368.0
3313,48.0,46543.0
3314,33.0,37945.0
3315,23.0,33136.0
3316,53.0,48937.0
3317,25.0,33601.0
3318,24.0,32471.0
3319,34.0,38186.0
3320,21.0,31334.0
3321,40.0,41926.0
3322,52.0,47664.0
3323,56.0,51082.0
3324,47.0,45547.0
3325,58.0,52600.0
3326,38.0,40885.0
3327,58.0,51445.0
3328,43.0,43573.0
3329,30.0,36062.0
3330,62.0,55002.0
3331,32.0,37806.0
3332,21.0,31573.0
3333,31.0,37302.0
3334,37.0,39573.0
3335,36.0,39051.0
3336,44.0,44190.0
3337,60.0,52308.0
3338,33.0,37685.0
3339,43.0,44307.0
3340,35.0,39681.0
3341,57.0,50712.0
3342,27.0,34591.0
3343,25.0,33110.0
3344,43.0,44337.0
3345,50.0,48082.0
3346,56.0,50479.0
3347,47.0,45881.0
3348,55.0,49475.0
3349,38.0,40383.0
3350,21.0,31866.0
3351,25.0,34100.0
3352,22.0,31910.0
3353,35.0,39265.0
3354,42.0,43303.0
3355,36.0,39737.0
3356,45.0,44727.0
3357,42.0,42682.0
3358,51.0,47895.0
3359,50.0,47713.0
3360,34.0,38971.0
3361,36.0,38980.0
3362,46.0,44983.0
3363,47.0,45961.0
3364,34.0,39525.0
3365,35.0,39252.0
3366,51.0,47972.0
3367,49.0,47136.0
3368,26.0,33774.0
3369,40.0,42570.0
3370,60.0,53188.0
3371,22.0,31564.0
3372,58.0,52082.0
3373,27.0,34775.0
3374,43.0,44210.0
3375,39.0,41401.0
3376,20.0,31328.0
3377,61.0,53943.0
3378,40.0,41889.0
3379,63.0,54715.0
3380,33.0,38234.0
3381,59.0,51663.0
3382,62.0,53955.0
3383,45.0,44759.0
3384,29.0,36081.0
3385,51.0,47978.0
3386,45.0,44717.0
3387,63.0,55046.0
3388,40.0,41282.0
3389,32.0,37475.0
3390,26.0,34756.0
3391,51.0,48532.0
3392,64.0,55339.0
3393,21.0,33078.0
3394,53.0,49633.0
3395,62.0,54507.0
3396,23.0,32697.0
3397,25.0,33230.0
3398,51.0,47969.0
3399,49.0,47393.0
3400,23.0,32907.0
3401,58.0,51854.0
3402,44.0,43848.0
3403,61.0,53266.0
3404,60.0,52640.0
3405,57.0,51472.0
3406,43.0,44189.0
3407,31.0,36727.0
3408,43.0,43904.0
3409,25.0,33170.0
3410,50.0,47541.0
3411,26.0,34220.0
3412,43.0,44434.0
3413,22.0,32137.0
3414,33.0,38502.0
3415,30.0,37047.0
3416,48.0,45909.0
3417,55.0,50437.0
3418,23.0,32285.0
3419,58.0,51788.0
3420,59.0,52084.0
3421,35.0,40027.0
3422,50.0,47011.0
3423,38.0,41248.0
3424,27.0,34974.0
3425,44.0,43386.0
3426,24.0,33397.0
3427,60.0,52035.0
3428,62.0,54190.0
3429,57.0,51081.0
3430,45.0,44927.0
3431,45.0,44153.0
3432,64.0,55430.0
3433,31.0,37599.0
3434,23.0,32476.0
3435,45.0,44604.0
3436,35.0,39365.0
3437,35.0,39218.0
3438,20.0,29958.0
3439,47.0,46765.0
3440,32.0,37799.0
3441,28.0,35998.0
3442,22.0,31929.0
3443,36.0,39090.0
3444,60.0,53092.0
3445,35.0,39050.0
3446,51.0,48079.0
3447,54.0,49615.0
3448,35.0,39240.0
3449,57.0,50948.0
3450,51.0,48556.0
3451,45.0,44247.0
3452,20.0,32147.0
3453,22.0,32987.0
3454,65.0,56340.0
3455,55.0,50999.0
3456,62.0,54162.0
3457,61.0,53915.0
3458,21.0,31458.0
3459,56.0,49821.0
3460,40.0,42917.0
3461,56.0,51106.0
3462,20.0,31151.0
3463,33.0,37520.0
3464,54.0,49302.0
3465,56.0,49717.0
3466,48.0,46810.0
3467,34.0,37654.0
3468,34.0,38825.0
3469,64.0,54506.0
3470,40.0,41157.0
3471,40.0,42186.0
3472,45.0,44503.0
3473,38.0,41554.0
3474,45.0,44045.0
3475,39.0,41322.0
3476,57.0,50267.0
3477,61.0,52407.0
3478,62.0,54969.0
3479,45.0,46008.0
3480,40.0,41990.0
3481,52.0,48043.0
3482,58.0,51599.0
3483,45.0,45371.0
3484,51.0,48067.0
3485,54.0,49675.0
3486,50.0,47734.0
3487,54.0,49182.0
3488,29.0,35901.0
3489,42.0,43481.0
3490,46.0,45071.0
3491,20.0,31287.0
3492,59.0,51949.0
3493,47.0,46162.0
3494,26.0,34888.0
3495,57.0,51121.0
3496,52.0,49207.0
3497,54.0,48872.0
3498,38.0,40468.0
3499,58.0,52155.0
3500,39.0,42209.0
3501,46.0,44140.0
3502,20.0,30968.0
3503,49.0,47689.0
3504,52.0,48382.0
3505,46.0,44930.0
3506,42.0,43456.0
3507,56.0,51138.0
3508,51.0,48647.0
3509,33.0,38107.0
3510,63.0,55401.0
3511,52.0,48325.0
3512,64.0,55081.0
3513,64.0,54926.0
3514,61.0,53163.0
3515,54.0,49937.0
3516,47.0,45890.0
3517,28.0,34925.0
3518,44.0,44697.0
3519,54.0,49371.0
3520,43.0,44276.0
3521,59.0,52250.0
3522,25.0,34294.0
3523,37.0,40232.0
3524,43.0,43839.0
3525,39.0,41790.0
3526,25.0,34059.0
3527,27.0,34855.0
3528,58.0,50899.0
3529,42.0,43493.0
3530,22.0,32162.0
3531,21.0,31803.0
3532,41.0,43064.0
3533,27.0,34682.0
3534,52.0,47994.0
3535,56.0,51012.0
3536,30.0,36499.0
3537,47.0,46125.0
3538,27.0,34733.0
3539,34.0,39025.0
3540,60.0,53209.0
3541,44.0,44610.0
3542,60.0,52739.0
3543,30.0,36691.0
3544,35.0,39765.0
3545,41.0,42629.0
3546,42.0,43148.0
3547,65.0,55715.0
3548,25.0,33895.0
3549,58.0,52948.0
3550,59.0,52977.0
3551,45.0,44731.0
3552,35.0,39622.0
3553,43.0,43500.0
3554,33.0,38152.0
3555,56.0,50933.0
3556,42.0,43758.0
3557,62.0,54289.0
3558,48.0,45857.0
3559,43.0,44218.0
3560,52.0,48555.0
3561,43.0,42979.0
3562,61.0,54055.0
3563,28.0,36297.0
3564,64.0,55222.0
3565,57.0,51456.0
3566,59.0,52687.0
3567,42.0,43650.0
3568,58.0,52085.0
3569,34.0,37929.0
3570,54.0,50863.0
3571,26.0,35009.0
3572,34.0,38345.0
3573,40.0,41517.0
3574,35.0,39230.0
3575,37.0,40440.0
3576,57.0,51463.0
3577,32.0,37724.0
3578,54.0,49162.0
3579,23.0,32266.0
3580,54.0,50145.0
3581,56.0,50336.0
3582,38.0,41015.0
3583,53.0,48210.0
3584,61.0,53524.0
3585,56.0,51175.0
3586,38.0,40967.0
3587,42.0,42590.0
3588,55.0,49705.0
3589,33.0,38250.0
3590,56.0,51177.0
3591,35.0,39322.0
3592,56.0,50692.0
3593,24.0,33297.0
3594,22.0,32850.0
3595,65.0,55795.0
3596,59.0,51702.0
3597,60.0,52952.0
3598,63.0,55566.0
3599,40.0,41205.0
3600,33.0,38114.0
3601,26.0,34105.0
3602,43.0,43453.0
3603,30.0,36543.0
3604,62.0,54725.0
3605,20.0,31141.0
3606,26.0,35183.0
3607,31.0,37041.0
3608,29.0,35749.0
3609,30.0,36253.0
3610,50.0,46329.0
3611,35.0,39244.0
3612,48.0,47249.0
3613,60.0,53263.0
3614,47.0,46257.0
3615,51.0,47983.0
3616,36.0,39924.0
3617,27.0,35446.0
3618,34.0,39939.0
3619,63.0,55610.0
3620,48.0,46792.0
3621,32.0,37886.0
3622,40.0,42265.0
3623,58.0,51302.0
3624,50.0,46820.0
3625,45.0,44313.0
3626,60.0,52933.0
3627,50.0,47497.0
3628,49.0,46173.0
3629,29.0,35678.0
3630,25.0,33474.0
3631,63.0,54301.0
3632,47.0,45637.0
3633,39.0,41128.0
3634,47.0,45270.0
3635,23.0,32993.0
3636,57.0,50396.0
3637,30.0,35369.0
3638,56.0,50914.0
3639,44.0,44274.0
3640,32.0,38047.0
3641,21.0,31478.0
3642,57.0,50733.0
3643,28.0,35364.0
3644,22.0,32061.0
3645,54.0,50484.0
3646,36.0,39501.0
3647,38.0,40609.0
3648,31.0,38353.0
3649,59.0,52167.0
3650,33.0,38637.0
3651,29.0,36525.0
3652,34.0,39020.0
3653,29.0,36173.0
3654,34.0,38959.0
3655,24.0,33103.0
3656,27.0,34636.0
3657,39.0,41485.0
3658,60.0,53781.0
3659,23.0,33023.0
3660,30.0,36416.0
3661,61.0,53909.0
3662,60.0,52593.0
3663,51.0,47686.0
3664,31.0,37426.0
3665,39.0,42134.0
3666,30.0,35842.0
3667,26.0,33941.0
3668,37.0,41496.0
3669,46.0,45300.0
3670,36.0,40820.0
3671,47.0,46221.0
3672,33.0,38455.0
3673,36.0,39407.0
3674,56.0,51040.0
3675,60.0,53417.0
3676,34.0,38453.0
3677,46.0,44969.0
3678,33.0,38342.0
3679,22.0,32255.0
3680,53.0,49015.0
3681,28.0,35737.0
3682,39.0,42088.0
3683,42.0,42830.0
3684,28.0,35672.0
3685,24.0,32736.0
3686,36.0,39166.0
3687,63.0,54631.0
3688,48.0,46240.0
3689,37.0,39956.0
3690,22.0,31605.0
3691,47.0,45324.0
3692,24.0,33511.0
3693,44.0,43444.0
3694,54.0,49105.0
3695,39.0,40552.0
3696,33.0,38620.0
3697,22.0,31271.0
3698,21.0,31629.0
3699,39.0,42463.0
3700,60.0,53700.0
3701,31.0,36138.0
3702,46.0,45357.0
3703,51.0,47442.0
3704,23.0,31909.0
3705,27.0,34732.0
3706,35.0,39813.0
3707,50.0,47885.0
3708,40.0,41509.0
3709,53.0,49524.0
3710,59.0,51351.0
3711,54.0,49393.0
3712,65.0,55146.0
3713,54.0,49710.0
3714,58.0,51990.0
3715,57.0,51530.0
3716,53.0,48987.0
3717,56.0,50856.0
3718,62.0,54403.0
3719,41.0,42836.0
3720,49.0,46655.0
3721,43.0,43946.0
3722,58.0,52476.0
3723,39.0,41398.0
3724,57.0,51259.0
3725,56.0,51365.0
3726,63.0,54255.0
3727,31.0,38063.0
3728,52.0,47894.0
3729,54.0,49561.0
3730,62.0,53698.0
3731,61.0,54540.0
3732,46.0,44943.0
3733,46.0,45084.0
3734,28.0,34955.0
3735,64.0,55178.0
3736,31.0,37147.0
3737,53.0,48871.0
3738,56.0,48931.0
3739,40.0,41949.0
3740,30.0,36236.0
3741,29.0,36196.0
3742,59.0,52853.0
3743,43.0,43547.0
3744,24.0,33639.0
3745,52.0,48195.0
3746,31.0,37575.0
3747,59.0,52405.0
3748,34.0,38070.0
3749,29.0,35864.0
3750,24.0,33800.0
3751,43.0,43751.0
3752,40.0,42904.0
3753,54.0,49221.0
3754,41.0,43023.0
3755,35.0,39183.0
3756,32.0,37589.0
3757,33.0,37992.0
3758,62.0,54295.0
3759,27.0,35211.0
3760,64.0,55088.0
3761,35.0,39531.0
3762,24.0,34053.0
3763,31.0,36863.0
3764,23.0,31528.0
3765,56.0,50803.0
3766,43.0,43520.0
3767,35.0,39275.0
3768,50.0,47664.0
3769,48.0,46380.0
3770,62.0,54127.0
3771,63.0,54741.0
3772,51.0,48582.0
3773,57.0,51256.0
3774,56.0,49995.0
3775,42.0,42562.0
3776,52.0,48505.0
3777,24.0,32372.0
3778,54.0,48980.0
3779,63.0,55123.0
3780,24.0,33445.0
3781,58.0,51510.0
3782,62.0,54238.0
3783,30.0,36692.0
3784,44.0,44290.0
3785,62.0,54267.0
3786,63.0,53463.0
3787,26.0,34045.0
3788,36.0,39897.0
3789,51.0,48074.0
3790,30.0,36502.0
3791,35.0,39413.0
3792,21.0,31617.0
3793,27.0,35554.0
3794,45.0,45481.0
3795,49.0,47105.0
3796,49.0,46962.0
3797,55.0,48839.0
3798,39.0,41115.0
3799,32.0,37092.0
3800,21.0,31496.0
3801,29.0,36191.0
3802,34.0,39080.0
3803,28.0,36109.0
3804,21.0,31485.0
3805,27.0,36037.0
3806,50.0,47602.0
3807,48.0,45927.0
3808,62.0,53877.0
3809,56.0,50568.0
3810,46.0,45348.0
3811,26.0,33931.0
3812,45.0,44812.0
3813,23.0,32444.0
3814,39.0,41440.0
3815,38.0,41065.0
3816,39.0,41909.0
3817,33.0,38509.0
3818,51.0,47809.0
3819,58.0,52415.0
3820,55.0,49339.0
3821,48.0,45843.0
3822,44.0,43717.0
3823,21.0,31774.0
3824,53.0,49494.0
3825,45.0,44187.0
3826,32.0,37462.0
3827,35.0,39006.0
3828,62.0,54443.0
3829,48.0,46214.0
3830,41.0,42512.0
3831,48.0,45695.0
3832,39.0,40954.0
3833,41.0,43226.0
3834,33.0,38231.0
3835,40.0,41516.0
3836,51.0,48586.0
3837,22.0,31696.0
3838,56.0,51387.0
3839,33.0,38706.0
3840,51.0,47921.0
3841,49.0,46158.0
3842,49.0,48297.0
3843,47.0,46245.0
3844,63.0,54576.0
3845,43.0,44060.0
3846,53.0,49476.0
3847,52.0,49115.0
3848,31.0,36516.0
3849,33.0,38171.0
3850,39.0,40901.0
3851,32.0,38206.0
3852,37.0,40065.0
3853,38.0,40817.0
3854,47.0,45872.0
3855,30.0,36317.0
3856,56.0,50472.0
3857,40.0,42224.0
3858,52.0,49224.0
3859,24.0,32737.0
3860,41.0,42908.0
3861,21.0,31915.0
3862,50.0,47733.0
3863,35.0,38744.0
3864,63.0,53843.0
3865,35.0,38632.0
3866,45.0,43885.0
3867,32.0,38074.0
3868,48.0,46532.0
3869,41.0,42544.0
3870,37.0,39078.0
3871,29.0,35129.0
3872,25.0,33759.0
3873,25.0,34952.0
3874,65.0,55377.0
3875,39.0,41637.0
3876,20.0,30808.0
3877,63.0,54613.0
3878,21.0,32102.0
3879,39.0,41187.0
3880,52.0,48413.0
3881,61.0,54345.0
3882,52.0,48667.0
3883,41.0,43020.0
3884,64.0,54775.0
3885,22.0,32676.0
3886,64.0,55562.0
3887,58.0,52240.0
3888,62.0,54057.0
3889,31.0,37053.0
3890,26.0,34525.0
3891,50.0,47196.0
3892,43.0,44247.0
3893,44.0,43847.0
3894,62.0,53136.0
3895,48.0,45507.0
3896,34.0,37835.0
3897,38.0,41211.0
3898,26.0,33728.0
3899,29.0,35910.0
3900,26.0,34616.0
3901,56.0,51022.0
3902,52.0,48665.0
3903,44.0,44205.0
3904,37.0,38911.0
3905,50.0,47383.0
3906,57.0,51332.0
3907,60.0,53631.0
3908,45.0,45382.0
3909,57.0,50611.0
3910,43.0,43480.0
3911,41.0,41962.0
3912,59.0,53179.0
3913,37.0,41069.0
3914,38.0,40974.0
3915,34.0,38630.0
3916,43.0,44528.0
3917,45.0,45091.0
3918,50.0,47925.0
3919,39.0,41883.0
3920,30.0,36217.0
3921,59.0,52838.0
3922,36.0,39972.0
3923,62.0,53748.0
3924,29.0,35956.0
3925,45.0,45428.0
3926,44.0,45113.0
3927,57.0,51134.0
3928,26.0,34305.0
3929,61.0,53696.0
3930,44.0,44396.0
3931,46.0,45245.0
3932,43.0,44568.0
3933,22.0,32103.0
3934,42.0,43569.0
3935,32.0,38402.0
3936,35.0,39257.0
3937,49.0,47021.0
3938,42.0,42691.0
3939,24.0,33221.0
3940,23.0,32063.0
3941,28.0,35969.0
3942,29.0,35934.0
3943,47.0,45917.0
3944,28.0,35351.0
3945,60.0,53203.0
3946,29.0,35624.0
3947,24.0,33358.0
3948,59.0,53024.0
3949,33.0,37418.0
3950,39.0,41872.0
3951,63.0,53899.0
3952,62.0,54314.0
3953,52.0,48112.0
3954,23.0,33422.0
3955,47.0,45107.0
3956,65.0,54655.0
3957,63.0,54503.0
3958,25.0,33417.0
3959,38.0,40048.0
3960,34.0,39072.0
3961,26.0,33215.0
3962,51.0,47678.0
3963,32.0,37490.0
3964,36.0,39937.0
3965,24.0,33884.0
3966,42.0,43876.0
3967,27.0,34838.0
3968,39.0,40481.0
3969,26.0,34743.0
3970,63.0,55343.0
3971,27.0,35205.0
3972,43.0,44148.0
3973,29.0,35280.0
3974,23.0,32627.0
3975,29.0,36974.0
3976,22.0,31647.0
3977,26.0,33876.0
3978,42.0,43685.0
3979,49.0,46917.0
3980,24.0,32571.0
3981,40.0,42679.0
3982,46.0,45616.0
3983,31.0,36606.0
3984,37.0,39636.0
3985,23.0,33802.0
3986,30.0,36436.0
3987,41.0,43251.0
3988,65.0,55960.0
3989,65.0,55397.0
3990,64.0,54989.0
3991,39.0,42195.0
3992,24.0,33728.0
3993,35.0,38070.0
3994,31.0,37158.0
3995,21.0,31289.0
3996,24.0,32840.0
3997,40.0,42347.0
3998,35.0,38732.0
3999,28.0,35231.0
4000,52.0,48324.0
4001,36.0,39589.0
4002,58.0,52048.0
4003,31.0,36456.0
4004,44.0,45112.0
4005,28.0,35804.0
4006,42.0,44156.0
4007,27.0,34694.0
4008,27.0,34725.0
4009,48.0,47032.0
4010,32.0,37240.0
4011,28.0,35177.0
4012,62.0,54372.0
4013,22.0,31445.0
4014,45.0,45343.0
4015,45.0,44861.0
4016,31.0,37837.0
4017,40.0,42651.0
4018,24.0,33821.0
4019,52.0,48796.0
4020,30.0,36056.0
4021,29.0,36841.0
4022,34.0,38030.0
4023,61.0,52620.0
4024,56.0,50995.0
4025,63.0,55248.0
4026,49.0,47231.0
4027,50.0,47907.0
4028,42.0,41883.0
4029,61.0,53154.0
4030,43.0,42707.0
4031,36.0,40178.0
4032,49.0,46076.0
4033,45.0,43878.0
4034,26.0,34327.0
4035,38.0,41251.0
4036,34.0,38675.0
4037,58.0,52244.0
4038,37.0,40645.0
4039,57.0,51226.0
4040,40.0,41402.0
4041,54.0,49932.0
4042,26.0,34655.0
4043,62.0,54332.0
4044,42.0,43050.0
4045,32.0,36846.0
4046,31.0,37322.0
4047,32.0,37560.0
4048,37.0,39835.0
4049,52.0,48611.0
4050,63.0,54158.0
4051,50.0,48003.0
4052,45.0,43833.0
4053,40.0,41606.0
4054,57.0,51333.0
4055,58.0,52836.0
4056,33.0,38780.0
4057,63.0,53777.0
4058,38.0,41455.0
4059,56.0,51477.0
4060,64.0,54342.0
4061,52.0,47155.0
4062,27.0,34962.0
4063,46.0,46068.0
4064,25.0,34735.0
4065,56.0,50096.0
4066,33.0,38839.0
4067,51.0,47093.0
4068,61.0,53341.0
4069,28.0,35271.0
4070,38.0,41299.0
4071,49.0,47665.0
4072,39.0,41864.0
4073,28.0,34651.0
4074,21.0,32151.0
4075,38.0,41318.0
4076,49.0,46232.0
4077,46.0,44173.0
4078,27.0,35386.0
4079,40.0,42065.0
4080,37.0,39502.0
4081,32.0,37682.0
4082,53.0,49231.0
4083,34.0,38622.0
4084,44.0,43593.0
4085,62.0,54793.0
4086,44.0,44849.0
4087,48.0,46104.0
4088,23.0,32665.0
4089,28.0,35589.0
4090,25.0,32934.0
4091,54.0,50090.0
4092,58.0,51024.0
4093,28.0,35580.0
4094,30.0,35843.0
4095,35.0,38440.0
4096,47.0,46452.0
4097,48.0,46419.0
4098,51.0,48101.0
4099,61.0,52398.0
4100,33.0,38004.0
4101,50.0,47535.0
4102,45.0,44950.0
4103,34.0,37492.0
4104,61.0,53562.0
4105,24.0,33546.0
4106,52.0,49264.0
4107,53.0,48687.0
4108,61.0,52533.0
4109,43.0,43336.0
4110,34.0,38412.0
4111,57.0,51855.0
4112,55.0,48719.0
4113,43.0,43159.0
4114,55.0,50717.0
4115,32.0,37634.0
4116,47.0,46038.0
4117,59.0,51592.0
4118,34.0,38069.0
4119,42.0,43686.0
4120,63.0,54589.0
4121,56.0,50807.0
4122,60.0,52395.0
4123,37.0,40585.0
4124,65.0,55091.0
4125,27.0,35369.0
4126,43.0,45203.0
4127,42.0,43104.0
4128,56.0,50444.0
4129,61.0,52221.0
4130,53.0,48253.0
4131,48.0,47291.0
4132,39.0,41064.0
4133,43.0,43445.0
4134,43.0,43933.0
4135,21.0,32245.0
4136,43.0,43351.0
4137,59.0,51983.0
4138,52.0,48590.0
4139,56.0,50380.0
4140,38.0,40378.0
4141,44.0,44298.0
4142,22.0,31921.0
4143,37.0,41545.0
4144,41.0,42961.0
4145,31.0,37892.0
4146,21.0,31238.0
4147,51.0,48350.0
4148,40.0,41407.0
4149,39.0,41486.0
4150,31.0,37531.0
4151,44.0,44336.0
4152,40.0,43045.0
4153,41.0,43445.0
4154,46.0,45965.0
4155,20.0,31539.0
4156,61.0,54347.0
4157,23.0,32041.0
4158,40.0,42846.0
4159,29.0,35637.0
4160,44.0,43681.0
4161,33.0,38216.0
4162,59.0,52902.0
4163,38.0,40233.0
4164,49.0,46553.0
4165,31.0,37209.0
4166,21.0,31387.0
4167,38.0,41430.0
4168,44.0,45996.0
4169,41.0,42583.0
4170,63.0,54442.0
4171,52.0,47846.0
4172,65.0,55480.0
4173,33.0,37833.0
4174,56.0,50763.0
4175,45.0,44976.0
4176,48.0,45909.0
4177,64.0,56392.0
4178,49.0,46818.0
4179,60.0,53186.0
4180,53.0,49282.0
4181,26.0,34599.0
4182,51.0,48950.0
4183,42.0,43201.0
4184,61.0,54266.0
4185,56.0,50637.0
4186,25.0,34036.0
4187,26.0,34767.0
4188,23.0,33479.0
4189,42.0,42374.0
4190,24.0,32546.0
4191,53.0,49323.0
4192,45.0,43345.0
4193,58.0,51934.0
4194,33.0,38455.0
4195,43.0,43561.0
4196,25.0,33693.0
4197,60.0,52357.0
4198,28.0,35071.0
4199,25.0,33287.0
4200,29.0,35734.0
4201,56.0,50585.0
4202,25.0,33483.0
4203,48.0,46066.0
4204,54.0,50405.0
4205,54.0,49392.0
4206,29.0,35876.0
4207,23.0,32237.0
4208,40.0,41813.0
4209,29.0,35159.0
4210,51.0,47521.0
4211,36.0,39225.0
4212,40.0,42213.0
4213,25.0,34347.0
4214,46.0,44154.0
4215,28.0,35317.0
4216,51.0,47121.0
4217,23.0,32629.0
4218,64.0,55691.0
4219,51.0,47719.0
4220,28.0,35474.0
4221,21.0,32076.0
4222,35.0,39507.0
4223,27.0,34402.0
4224,30.0,36485.0
4225,59.0,52187.0
4226,47.0,46140.0
4227,28.0,35625.0
4228,45.0,44094.0
4229,32.0,37418.0
4230,64.0,55102.0
4231,21.0,32083.0
4232,53.0,49541.0
4233,55.0,50370.0
4234,23.0,32511.0
4235,28.0,35720.0
4236,37.0,40075.0
4237,59.0,51827.0
4238,44.0,42693.0
4239,49.0,47184.0
4240,55.0,49969.0
4241,57.0,51695.0
4242,41.0,41802.0
4243,43.0,43269.0
4244,52.0,49006.0
4245,32.0,37003.0
4246,58.0,52353.0
4247,21.0,31236.0
4248,29.0,35829.0
4249,56.0,51103.0
4250,35.0,39898.0
4251,27.0,34755.0
4252,28.0,35215.0
4253,44.0,43907.0
4254,58.0,52261.0
4255,23.0,32238.0
4256,21.0,31665.0
4257,41.0,42320.0
4258,63.0,54614.0
4259,33.0,37401.0
4260,63.0,53813.0
4261,60.0,53230.0
4262,33.0,38490.0
4263,57.0,50323.0
4264,51.0,48160.0
4265,43.0,44209.0
4266,39.0,41765.0
4267,57.0,50975.0
4268,56.0,50157.0
4269,54.0,49775.0
4270,65.0,55831.0
4271,42.0,42891.0
4272,56.0,50881.0
4273,59.0,51805.0
4274,30.0,36449.0
4275,22.0,32277.0
4276,38.0,41118.0
4277,59.0,52260.0
4278,33.0,38995.0
4279,52.0,48013.0
4280,20.0,31823.0
4281,36.0,39428.0
4282,48.0,46789.0
4283,26.0,34828.0
4284,60.0,53044.0
4285,27.0,35698.0
4286,61.0,53752.0
4287,30.0,35917.0
4288,65.0,55421.0
4289,47.0,46534.0
4290,24.0,33549.0
4291,23.0,32087.0
4292,23.0,32785.0
4293,47.0,45702.0
4294,56.0,50783.0
4295,38.0,42152.0
4296,40.0,42127.0
4297,47.0,45554.0
4298,44.0,44788.0
4299,51.0,47847.0
4300,41.0,43180.0
4301,52.0,47834.0
4302,65.0,55457.0
4303,36.0,40194.0
4304,21.0,32087.0
4305,26.0,33723.0
4306,45.0,44255.0
4307,35.0,39804.0
4308,62.0,53953.0
4309,48.0,46395.0
4310,43.0,44317.0
4311,56.0,50479.0
4312,32.0,36417.0
4313,57.0,50638.0
4314,20.0,31081.0
4315,48.0,45405.0
4316,62.0,53987.0
4317,55.0,49803.0
4318,58.0,52947.0
4319,38.0,41907.0
4320,57.0,50871.0
4321,45.0,44761.0
4322,48.0,45829.0
4323,23.0,32303.0
4324,29.0,36890.0
4325,45.0,44403.0
4326,23.0,32312.0
4327,53.0,48880.0
4328,58.0,52365.0
4329,61.0,52147.0
4330,25.0,33297.0
4331,62.0,54235.0
4332,23.0,32343.0
4333,41.0,43165.0
4334,58.0,52397.0
4335,23.0,32034.0
4336,21.0,32498.0
4337,21.0,30906.0
4338,43.0,44298.0
4339,57.0,51162.0
4340,26.0,33902.0
4341,26.0,33879.0
4342,46.0,45055.0
4343,31.0,36903.0
4344,53.0,48613.0
4345,63.0,54387.0
4346,54.0,49574.0
4347,59.0,52103.0
4348,43.0,43451.0
4349,57.0,51025.0
4350,28.0,35317.0
4351,23.0,32908.0
4352,50.0,47295.0
4353,22.0,33273.0
4354,60.0,51984.0
4355,51.0,48351.0
4356,63.0,54570.0
4357,34.0,39177.0
4358,42.0,43391.0
4359,53.0,49274.0
4360,31.0,37095.0
4361,44.0,44039.0
4362,50.0,47629.0
4363,64.0,54286.0
4364,54.0,49820.0
4365,25.0,33912.0
4366,41.0,42521.0
4367,46.0,45456.0
4368,27.0,34549.0
4369,39.0,42340.0
4370,33.0,39646.0
4371,25.0,34551.0
4372,43.0,43390.0
4373,27.0,35414.0
4374,47.0,45952.0
4375,28.0,34737.0
4376,53.0,48279.0
4377,29.0,35801.0
4378,60.0,53587.0
4379,21.0,30843.0
4380,43.0,43559.0
4381,34.0,39209.0
4382,30.0,36592.0
4383,41.0,43380.0
4384,58.0,51134.0
4385,61.0,54829.0
4386,34.0,37736.0
4387,27.0,33803.0
4388,52.0,48794.0
4389,46.0,44837.0
4390,29.0,35956.0
4391,54.0,49780.0
4392,43.0,43746.0
4393,49.0,46750.0
4394,36.0,40110.0
4395,40.0,41709.0
4396,28.0,36015.0
4397,54.0,49634.0
4398,27.0,34404.0
4399,55.0,49419.0
4400,56.0,50665.0
4401,54.0,48844.0
4402,21.0,30806.0
4403,32.0,38024.0
4404,41.0,41703.0
4405,47.0,46446.0
4406,61.0,53831.0
4407,37.0,40274.0
4408,59.0,52139.0
4409,27.0,35427.0
4410,37.0,40188.0
4411,22.0,31951.0
4412,53.0,49477.0
4413,27.0,33887.0
4414,32.0,36544.0
4415,55.0,49627.0
4416,44.0,44409.0
4417,21.0,31344.0
4418,20.0,31580.0
4419,43.0,43179.0
4420,34.0,38835.0
4421,28.0,35406.0
4422,48.0,45715.0
4423,30.0,36846.0
4424,47.0,45624.0
4425,37.0,40072.0
4426,28.0,35643.0
4427,26.0,34353.0
4428,31.0,36785.0
4429,21.0,31532.0
4430,34.0,37974.0
4431,61.0,53361.0
4432,57.0,51175.0
4433,37.0,39697.0
4434,46.0,45132.0
4435,46.0,45409.0
4436,57.0,51604.0
4437,31.0,36583.0
4438,33.0,38050.0
4439,34.0,38787.0
4440,22.0,30813.0
4441,34.0,39187.0
4442,60.0,51791.0
4443,61.0,52864.0
4444,25.0,33456.0
4445,41.0,43422.0
4446,37.0,41277.0
4447,42.0,43465.0
4448,45.0,44908.0
4449,21.0,30570.0
4450,58.0,51924.0
4451,64.0,54824.0
4452,49.0,46763.0
4453,50.0,47424.0
4454,44.0,43832.0
4455,35.0,39708.0
4456,27.0,33719.0
4457,46.0,45493.0
4458,22.0,31673.0
4459,57.0,51202.0
4460,39.0,41570.0
4461,39.0,40707.0
4462,35.0,39180.0
4463,64.0,54885.0
4464,28.0,34999.0
4465,27.0,34510.0
4466,27.0,35020.0
4467,50.0,46915.0
4468,65.0,55553.0
4469,31.0,36689.0
4470,61.0,53108.0
4471,33.0,38691.0
4472,49.0,47243.0
4473,22.0,31811.0
4474,42.0,43340.0
4475,49.0,46687.0
4476,44.0,44056.0
4477,31.0,36726.0
4478,57.0,50882.0
4479,64.0,55205.0
4480,41.0,42112.0
4481,49.0,46561.0
4482,56.0,50278.0
4483,31.0,38456.0
4484,59.0,52064.0
4485,33.0,36901.0
4486,55.0,49402.0
4487,25.0,34154.0
4488,33.0,38806.0
4489,44.0,43866.0
4490,44.0,44631.0
4491,58.0,52419.0
4492,65.0,55559.0
4493,25.0,33523.0
4494,32.0,37807.0
4495,36.0,40289.0
4496,42.0,43052.0
4497,42.0,42886.0
4498,59.0,52104.0
4499,55.0,51062.0
4500,21.0,31592.0
4501,40.0,42696.0
4502,48.0,46567.0
4503,41.0,42531.0
4504,26.0,34288.0
4505,38.0,41286.0
4506,39.0,41548.0
4507,28.0,35778.0
4508,54.0,49372.0
4509,34.0,39147.0
4510,47.0,45544.0
4511,43.0,43610.0
4512,59.0,54056.0
4513,25.0,33250.0
4514,25.0,34307.0
4515,34.0,38002.0
4516,39.0,41738.0
4517,33.0,39673.0
4518,54.0,49408.0
4519,31.0,36708.0
4520,24.0,33089.0
4521,39.0,40818.0
4522,55.0,50583.0
4523,58.0,51784.0
4524,53.0,49477.0
4525,45.0,44143.0
4526,53.0,48020.0
4527,51.0,47750.0
4528,31.0,36016.0
4529,45.0,45390.0
4530,55.0,49308.0
4531,34.0,38330.0
4532,49.0,47393.0
4533,42.0,42623.0
4534,43.0,42694.0
4535,24.0,34249.0
4536,50.0,46988.0
4537,59.0,52328.0
4538,26.0,34396.0
4539,36.0,40416.0
4540,22.0,32436.0
4541,21.0,31320.0
4542,65.0,55331.0
4543,42.0,43100.0
4544,36.0,40174.0
4545,32.0,37219.0
4546,64.0,56264.0
4547,31.0,36864.0
4548,53.0,48957.0
4549,33.0,37443.0
4550,23.0,32096.0
4551,51.0,47474.0
4552,20.0,30555.0
4553,50.0,47518.0
4554,31.0,36707.0
4555,54.0,49814.0
4556,55.0,49660.0
4557,53.0,48475.0
4558,21.0,31409.0
4559,52.0,48914.0
4560,65.0,55614.0
4561,31.0,36955.0
4562,32.0,37071.0
4563,57.0,50563.0
4564,27.0,34331.0
4565,50.0,48003.0
4566,54.0,49952.0
4567,22.0,31489.0
4568,45.0,44423.0
4569,46.0,44840.0
4570,34.0,38067.0
4571,59.0,52920.0
4572,27.0,34884.0
4573,36.0,41054.0
4574,58.0,52630.0
4575,29.0,36373.0
4576,57.0,51665.0
4577,24.0,32746.0
4578,42.0,43407.0
4579,23.0,32690.0
4580,51.0,48593.0
4581,56.0,50770.0
4582,58.0,52165.0
4583,64.0,55350.0
4584,50.0,48503.0
4585,55.0,49317.0
4586,43.0,44437.0
4587,61.0,53497.0
4588,49.0,46230.0
4589,60.0,52492.0
4590,31.0,36002.0
4591,42.0,43621.0
4592,53.0,48544.0
4593,29.0,36102.0
4594,30.0,36798.0
4595,64.0,54871.0
4596,40.0,41623.0
4597,28.0,34848.0
4598,35.0,39010.0
4599,38.0,42122.0
4600,48.0,46810.0
4601,62.0,53712.0
4602,64.0,55112.0
4603,49.0,47108.0
4604,51.0,48388.0
4605,34.0,38756.0
4606,59.0,52480.0
4607,30.0,35914.0
4608,25.0,33154.0
4609,64.0,55273.0
4610,59.0,51803.0
4611,34.0,38880.0
4612,50.0,47703.0
4613,41.0,41645.0
4614,35.0,39052.0
4615,33.0,37255.0
4616,26.0,34713.0
4617,45.0,44471.0
4618,40.0,42979.0
4619,43.0,44212.0
4620,30.0,35800.0
4621,62.0,53220.0
4622,49.0,46428.0
4623,60.0,52654.0
4624,25.0,34617.0
4625,48.0,46410.0
4626,58.0,52491.0
4627,35.0,39048.0
4628,29.0,35740.0
4629,32.0,37543.0
4630,32.0,38308.0
4631,40.0,42224.0
4632,35.0,38539.0
4633,32.0,38525.0
4634,49.0,46904.0
4635,22.0,32085.0
4636,35.0,38009.0
4637,51.0,48389.0
4638,28.0,35403.0
4639,30.0,36518.0
4640,29.0,35765.0
4641,20.0,30735.0
4642,41.0,42541.0
4643,22.0,32196.0
4644,32.0,38075.0
4645,65.0,55506.0
4646,61.0,54205.0
4647,30.0,36284.0
4648,34.0,38420.0
4649,41.0,42576.0
4650,58.0,51220.0
4651,56.0,50982.0
4652,26.0,33353.0
4653,26.0,33566.0
4654,39.0,40305.0
4655,59.0,52447.0
4656,60.0,53636.0
4657,25.0,33599.0
4658,46.0,45536.0
4659,27.0,36029.0
4660,51.0,48184.0
4661,61.0,53299.0
4662,40.0,41942.0
4663,24.0,33057.0
4664,46.0,45020.0
4665,38.0,40832.0
4666,56.0,51562.0
4667,35.0,39937.0
4668,59.0,51830.0
4669,32.0,37365.0
4670,27.0,34667.0
4671,34.0,38885.0
4672,22.0,32436.0
4673,33.0,39312.0
4674,50.0,47105.0
4675,26.0,34314.0
4676,25.0,34051.0
4677,26.0,33935.0
4678,23.0,32849.0
4679,59.0,52440.0
4680,62.0,53056.0
4681,22.0,32214.0
4682,54.0,49721.0
4683,53.0,49880.0
4684,65.0,55676.0
4685,36.0,38982.0
4686,33.0,37937.0
4687,40.0,41168.0
4688,59.0,51595.0
4689,53.0,49350.0
4690,41.0,42549.0
4691,31.0,37514.0
4692,53.0,48010.0
4693,58.0,52028.0
4694,38.0,40661.0
4695,50.0,48025.0
4696,38.0,41242.0
4697,42.0,43164.0
4698,44.0,44762.0
4699,55.0,50015.0
4700,64.0,55861.0
4701,40.0,41476.0
4702,35.0,38932.0
4703,37.0,40623.0
4704,26.0,33561.0
4705,33.0,38636.0
4706,24.0,33190.0
4707,39.0,42126.0
4708,28.0,35112.0
4709,36.0,39602.0
4710,56.0,50896.0
4711,31.0,36755.0
4712,48.0,45791.0
4713,61.0,53541.0
4714,46.0,45017.0
4715,29.0,35593.0
4716,36.0,39492.0
4717,47.0,46409.0
4718,43.0,43317.0
4719,27.0,34442.0
4720,40.0,41204.0
4721,44.0,44420.0
4722,32.0,37945.0
4723,48.0,46576.0
4724,23.0,32791.0
4725,35.0,39809.0
4726,56.0,51271.0
4727,32.0,37974.0
4728,47.0,46470.0
4729,38.0,41933.0
4730,34.0,38748.0
4731,61.0,53011.0
4732,35.0,39828.0
4733,31.0,37248.0
4734,61.0,54290.0
4735,54.0,50103.0
4736,51.0,48847.0
4737,22.0,32536.0
4738,26.0,34362.0
4739,49.0,46106.0
4740,29.0,36338.0
4741,30.0,36308.0
4742,55.0,50389.0
4743,33.0,38104.0
4744,23.0,33008.0
4745,22.0,31853.0
4746,40.0,42436.0
4747,48.0,44912.0
4748,59.0,52600.0
4749,25.0,34344.0
4750,29.0,36803.0
4751,44.0,44479.0
4752,36.0,40854.0
4753,42.0,43027.0
4754,62.0,53874.0
4755,45.0,44751.0
4756,39.0,41273.0
4757,65.0,55097.0
4758,23.0,32356.0
4759,62.0,53514.0
4760,43.0,43680.0
4761,43.0,43474.0
4762,61.0,53638.0
4763,43.0,43273.0
4764,40.0,42103.0
4765,32.0,38134.0
4766,50.0,46740.0
4767,46.0,44455.0
4768,30.0,36782.0
4769,52.0,47870.0
4770,49.0,47215.0
4771,38.0,41642.0
4772,20.0,31919.0
4773,40.0,42422.0
4774,20.0,31504.0
4775,23.0,33982.0
4776,39.0,40490.0
4777,24.0,32795.0
4778,32.0,38247.0
4779,49.0,47055.0
4780,34.0,39258.0
4781,65.0,55672.0
4782,61.0,53744.0
4783,46.0,45349.0
4784,64.0,54671.0
4785,59.0,52210.0
4786,34.0,39028.0
4787,54.0,49165.0
4788,26.0,34863.0
4789,51.0,48269.0
4790,42.0,43704.0
4791,21.0,30852.0
4792,32.0,36937.0
4793,63.0,54644.0
4794,34.0,40266.0
4795,28.0,36124.0
4796,28.0,35364.0
4797,42.0,43073.0
4798,58.0,52219.0
4799,54.0,49076.0
4800,40.0,42497.0
4801,29.0,36082.0
4802,22.0,32095.0
4803,41.0,42462.0
4804,57.0,51738.0
4805,53.0,48682.0
4806,38.0,40259.0
4807,47.0,45880.0
4808,40.0,40775.0
4809,46.0,45180.0
4810,43.0,44402.0
4811,51.0,48143.0
4812,43.0,44087.0
4813,62.0,54590.0
4814,39.0,42799.0
4815,21.0,31100.0
4816,31.0,37049.0
4817,43.0,43171.0
4818,44.0,44858.0
4819,45.0,44641.0
4820,52.0,49545.0
4821,32.0,37532.0
4822,50.0,48160.0
4823,52.0,48721.0
4824,39.0,41163.0
4825,38.0,41225.0
4826,28.0,35559.0
4827,39.0,41424.0
4828,55.0,50370.0
4829,61.0,53146.0
4830,47.0,45524.0
4831,33.0,37568.0
4832,51.0,48308.0
4833,53.0,48701.0
4834,35.0,39113.0
4835,57.0,51781.0
4836,23.0,33244.0
4837,20.0,30379.0
4838,26.0,33998.0
4839,27.0,35091.0
4840,60.0,52780.0
4841,39.0,42190.0
4842,32.0,37394.0
4843,39.0,40595.0
4844,38.0,41177.0
4845,34.0,38193.0
4846,26.0,33534.0
4847,50.0,47155.0
4848,26.0,34996.0
4849,55.0,49560.0
4850,29.0,37160.0
4851,53.0,48682.0
4852,56.0,50982.0
4853,26.0,33492.0
4854,24.0,33168.0
4855,63.0,54435.0
4856,41.0,41716.0
4857,48.0,48011.0
4858,21.0,31328.0
4859,33.0,37651.0
4860,43.0,43993.0
4861,60.0,53841.0
4862,32.0,38281.0
4863,55.0,49585.0
4864,50.0,47497.0
4865,25.0,32912.0
4866,33.0,38712.0
4867,31.0,36070.0
4868,40.0,41551.0
4869,49.0,46723.0
4870,40.0,41950.0
4871,31.0,36922.0
4872,51.0,48983.0
4873,46.0,45827.0
4874,43.0,44175.0
4875,45.0,44107.0
4876,30.0,37342.0
4877,51.0,47439.0
4878,37.0,41459.0
4879,36.0,41007.0
4880,27.0,34962.0
4881,47.0,46288.0
4882,47.0,44374.0
4883,35.0,39325.0
4884,59.0,52832.0
4885,58.0,52387.0
4886,25.0,33089.0
4887,51.0,48055.0
4888,38.0,39479.0
4889,65.0,55949.0
4890,30.0,35628.0
4891,33.0,38508.0
4892,40.0,42533.0
4893,32.0,37414.0
4894,51.0,48387.0
4895,42.0,42794.0
4896,30.0,36588.0
4897,43.0,42959.0
4898,60.0,53309.0
4899,56.0,49791.0
4900,42.0,42431.0
4901,33.0,38079.0
4902,28.0,35347.0
4903,60.0,52876.0
4904,52.0,48252.0
4905,46.0,46104.0
4906,60.0,52846.0
4907,25.0,34128.0
4908,51.0,47990.0
4909,30.0,36865.0
4910,25.0,34272.0
4911,41.0,42745.0
4912,37.0,40956.0
4913,62.0,53382.0
4914,35.0,38125.0
4915,57.0,51131.0
4916,54.0,49435.0
4917,50.0,47821.0
4918,61.0,53790.0
4919,38.0,41387.0
4920,38.0,40022.0
4921,27.0,34978.0
4922,32.0,37155.0
4923,60.0,52968.0
4924,41.0,41802.0
4925,35.0,39623.0
4926,30.0,35614.0
4927,42.0,42811.0
4928,52.0,49185.0
4929,33.0,38209.0
4930,54.0,48931.0
4931,48.0,46251.0
4932,55.0,49741.0
4933,31.0,36363.0
4934,48.0,46677.0
4935,27.0,35085.0
4936,36.0,40224.0
4937,53.0,49229.0
4938,48.0,46628.0
4939,28.0,35513.0
4940,59.0,51707.0
4941,22.0,32100.0
4942,47.0,45071.0
4943,64.0,54927.0
4944,44.0,44199.0
4945,56.0,50758.0
4946,47.0,47263.0
4947,55.0,49709.0
4948,50.0,47163.0
4949,51.0,47394.0
4950,30.0,36444.0
4951,53.0,49187.0
4952,31.0,37311.0
4953,64.0,55046.0
4954,30.0,36542.0
4955,31.0,36643.0
4956,59.0,51552.0
4957,31.0,36688.0
4958,36.0,39741.0
4959,52.0,48724.0
4960,27.0,35209.0
4961,27.0,34820.0
4962,42.0,42911.0
4963,31.0,36171.0
4964,31.0,37102.0
4965,20.0,30881.0
4966,37.0,40542.0
4967,34.0,39535.0
4968,21.0,31677.0
4969,48.0,45864.0
4970,48.0,46501.0
4971,23.0,32927.0
4972,34.0,38689.0
4973,59.0,52320.0
4974,46.0,45690.0
4975,39.0,41445.0
4976,41.0,42338.0
4977,29.0,35328.0
4978,57.0,51322.0
4979,61.0,53238.0
4980,61.0,53646.0
4981,30.0,36618.0
4982,34.0,37746.0
4983,27.0,35016.0
4984,34.0,38860.0
4985,35.0,39556.0
4986,48.0,46728.0
4987,29.0,34705.0
4988,61.0,54394.0
4989,25.0,33757.0
4990,20.0,30569.0
4991,58.0,51766.0
4992,52.0,48534.0
4993,36.0,40135.0
4994,47.0,45495.0
4995,30.0,36945.0
4996,28.0,34271.0
4997,41.0,42140.0
4998,36.0,38709.0
4999,48.0,45778.0
